{"Timestamp":"2023-04-17T11:53:41.8342557+05:00","Level":"Information","MessageTemplate":"Callback Service Begin","Properties":{"Application":"NTCB.Api"}}
{"Timestamp":"2023-04-17T11:54:51.8606317+05:00","Level":"Information","MessageTemplate":"Callback Service Begin","Properties":{"Application":"NTCB.Api"}}
{"Timestamp":"2023-04-17T11:54:51.9061151+05:00","Level":"Information","MessageTemplate":"Callback Response {Callback}","Properties":{"Callback":"{\"benefits\":[{\"additional_information\":\"string\",\"amount\":{\"_base\":0,\"promotion_bonus\":0,\"total_excluding_tax\":0,\"total_including_tax\":0},\"type\":\"string\",\"unit\":\"string\",\"unit_type\":\"string\"}],\"callback_url\":\"string\",\"confirmation_date\":\"string\",\"confirmation_expiration_date\":\"string\",\"creation_date\":\"string\",\"credit_party_identifier\":{\"mobile_number\":\"string\"},\"external_id\":\"string\",\"id\":0,\"operator_reference\":\"string\",\"prices\":{\"retail\":\"string\",\"wholesale\":{\"amount\":0,\"fee\":0,\"unit\":\"string\",\"unit_type\":\"string\"}},\"product\":{\"description\":\"string\",\"id\":0,\"name\":\"string\",\"_operator\":{\"country\":{\"iso_code\":\"string\",\"name\":\"string\",\"regions\":\"string\"},\"id\":0,\"name\":\"string\",\"regions\":\"string\"},\"regions\":\"string\",\"service\":{\"id\":0,\"name\":\"string\",\"subservice\":{\"id\":0,\"name\":\"string\"}},\"tags\":[\"string\"],\"type\":\"string\"},\"promotions\":\"string\",\"rates\":{\"_base\":0,\"retail\":0,\"wholesale\":0},\"status\":{\"_class\":{\"id\":0,\"message\":\"string\"},\"id\":0,\"message\":\"string\"}}","Application":"NTCB.Api"}}
