{"Timestamp":"2023-10-20T12:35:15.8393677+05:00","Level":"Error","MessageTemplate":"Hosting failed to start","Exception":"System.InvalidOperationException: Call UseKestrelHttpsConfiguration() on IWebHostBuilder to automatically enable HTTPS when an https:// address is used.\r\n   at Microsoft.AspNetCore.Server.Kestrel.Core.HttpsConfigurationService.EnsureInitialized(String uninitializedError)\r\n   at Microsoft.AspNetCore.Server.Kestrel.Core.HttpsConfigurationService.UseHttpsWithDefaults(ListenOptions listenOptions)\r\n   at Microsoft.AspNetCore.Server.Kestrel.Core.Internal.AddressBinder.AddressesStrategy.BindAsync(AddressBindContext context, CancellationToken cancellationToken)\r\n   at Microsoft.AspNetCore.Server.Kestrel.Core.Internal.AddressBinder.BindAsync(ListenOptions[] listenOptions, AddressBindContext context, Func`2 useHttps, CancellationToken cancellationToken)\r\n   at Microsoft.AspNetCore.Server.Kestrel.Core.KestrelServerImpl.BindAsync(CancellationToken cancellationToken)\r\n   at Microsoft.AspNetCore.Server.Kestrel.Core.KestrelServerImpl.StartAsync[TContext](IHttpApplication`1 application, CancellationToken cancellationToken)\r\n   at Microsoft.AspNetCore.Hosting.GenericWebHostService.StartAsync(CancellationToken cancellationToken)\r\n   at Microsoft.Extensions.Hosting.Internal.Host.<StartAsync>b__15_1(IHostedService service, CancellationToken token)\r\n   at Microsoft.Extensions.Hosting.Internal.Host.ForeachService[T](IEnumerable`1 services, CancellationToken token, Boolean concurrent, Boolean abortOnFirstException, List`1 exceptions, Func`3 operation)","Properties":{"EventId":{"Id":11,"Name":"HostedServiceStartupFaulted"},"SourceContext":"Microsoft.Extensions.Hosting.Internal.Host","Application":"CallbackHub.Api"}}
{"Timestamp":"2023-10-20T15:01:09.3943444+05:00","Level":"Error","MessageTemplate":"Hosting failed to start","Exception":"System.InvalidOperationException: Call UseKestrelHttpsConfiguration() on IWebHostBuilder to automatically enable HTTPS when an https:// address is used.\r\n   at Microsoft.AspNetCore.Server.Kestrel.Core.HttpsConfigurationService.EnsureInitialized(String uninitializedError)\r\n   at Microsoft.AspNetCore.Server.Kestrel.Core.HttpsConfigurationService.UseHttpsWithDefaults(ListenOptions listenOptions)\r\n   at Microsoft.AspNetCore.Server.Kestrel.Core.Internal.AddressBinder.AddressesStrategy.BindAsync(AddressBindContext context, CancellationToken cancellationToken)\r\n   at Microsoft.AspNetCore.Server.Kestrel.Core.Internal.AddressBinder.BindAsync(ListenOptions[] listenOptions, AddressBindContext context, Func`2 useHttps, CancellationToken cancellationToken)\r\n   at Microsoft.AspNetCore.Server.Kestrel.Core.KestrelServerImpl.BindAsync(CancellationToken cancellationToken)\r\n   at Microsoft.AspNetCore.Server.Kestrel.Core.KestrelServerImpl.StartAsync[TContext](IHttpApplication`1 application, CancellationToken cancellationToken)\r\n   at Microsoft.AspNetCore.Hosting.GenericWebHostService.StartAsync(CancellationToken cancellationToken)\r\n   at Microsoft.Extensions.Hosting.Internal.Host.<StartAsync>b__15_1(IHostedService service, CancellationToken token)\r\n   at Microsoft.Extensions.Hosting.Internal.Host.ForeachService[T](IEnumerable`1 services, CancellationToken token, Boolean concurrent, Boolean abortOnFirstException, List`1 exceptions, Func`3 operation)","Properties":{"EventId":{"Id":11,"Name":"HostedServiceStartupFaulted"},"SourceContext":"Microsoft.Extensions.Hosting.Internal.Host","Application":"CallbackHub.Api"}}
{"Timestamp":"2023-10-20T15:03:28.6731176+05:00","Level":"Error","MessageTemplate":"An unhandled exception has occurred while executing the request.","Exception":"System.InvalidOperationException: Failure to infer one or more parameters.\r\nBelow is the list of parameters that we found: \r\n\r\nParameter           | Source                        \r\n---------------------------------------------------------------------------------\r\nrequest             | Body (Attribute)\r\ndTOneHandler        | UNKNOWN        \r\n\r\n\r\nDid you mean to register the \"UNKNOWN\" parameters as a Service?\r\n\r\n\r\n   at Microsoft.AspNetCore.Http.RequestDelegateFactory.CreateArguments(ParameterInfo[] parameters, RequestDelegateFactoryContext factoryContext)\r\n   at Microsoft.AspNetCore.Http.RequestDelegateFactory.CreateArgumentsAndInferMetadata(MethodInfo methodInfo, RequestDelegateFactoryContext factoryContext)\r\n   at Microsoft.AspNetCore.Http.RequestDelegateFactory.InferMetadata(MethodInfo methodInfo, RequestDelegateFactoryOptions options)\r\n   at Microsoft.AspNetCore.Routing.RouteEndpointDataSource.CreateRouteEndpointBuilder(RouteEntry entry, RoutePattern groupPrefix, IReadOnlyList`1 groupConventions, IReadOnlyList`1 groupFinallyConventions)\r\n   at Microsoft.AspNetCore.Routing.RouteEndpointDataSource.GetGroupedEndpoints(RouteGroupContext context)\r\n   at Microsoft.AspNetCore.Routing.RouteGroupBuilder.GroupEndpointDataSource.GetGroupedEndpointsWithNullablePrefix(RoutePattern prefix, IReadOnlyList`1 conventions, IReadOnlyList`1 finallyConventions, IServiceProvider applicationServices)\r\n   at Microsoft.AspNetCore.Routing.RouteGroupBuilder.GroupEndpointDataSource.get_Endpoints()\r\n   at Microsoft.AspNetCore.Routing.CompositeEndpointDataSource.CreateEndpointsUnsynchronized()\r\n   at Microsoft.AspNetCore.Routing.CompositeEndpointDataSource.EnsureEndpointsInitialized()\r\n   at Microsoft.AspNetCore.Routing.CompositeEndpointDataSource.get_Endpoints()\r\n   at Microsoft.AspNetCore.Routing.DataSourceDependentCache`1.Initialize()\r\n   at System.Threading.LazyInitializer.EnsureInitializedCore[T](T& target, Boolean& initialized, Object& syncLock, Func`1 valueFactory)\r\n   at Microsoft.AspNetCore.Routing.Matching.DataSourceDependentMatcher..ctor(EndpointDataSource dataSource, Lifetime lifetime, Func`1 matcherBuilderFactory)\r\n   at Microsoft.AspNetCore.Routing.Matching.DfaMatcherFactory.CreateMatcher(EndpointDataSource dataSource)\r\n   at Microsoft.AspNetCore.Routing.EndpointRoutingMiddleware.InitializeCoreAsync()\r\n--- End of stack trace from previous location ---\r\n   at Microsoft.AspNetCore.Routing.EndpointRoutingMiddleware.<Invoke>g__AwaitMatcher|10_0(EndpointRoutingMiddleware middleware, HttpContext httpContext, Task`1 matcherTask)\r\n   at Microsoft.AspNetCore.Diagnostics.DeveloperExceptionPageMiddlewareImpl.Invoke(HttpContext context)","Properties":{"EventId":{"Id":1,"Name":"UnhandledException"},"SourceContext":"Microsoft.AspNetCore.Diagnostics.DeveloperExceptionPageMiddleware","RequestId":"0HMUHAF6JD6D7:00000001","RequestPath":"/swagger/index.html","ConnectionId":"0HMUHAF6JD6D7","Application":"CallbackHub.Api"}}
{"Timestamp":"2023-10-20T15:03:29.6653703+05:00","Level":"Error","MessageTemplate":"An unhandled exception has occurred while executing the request.","Exception":"System.InvalidOperationException: Failure to infer one or more parameters.\r\nBelow is the list of parameters that we found: \r\n\r\nParameter           | Source                        \r\n---------------------------------------------------------------------------------\r\nrequest             | Body (Attribute)\r\ndTOneHandler        | UNKNOWN        \r\n\r\n\r\nDid you mean to register the \"UNKNOWN\" parameters as a Service?\r\n\r\n\r\n   at Microsoft.AspNetCore.Http.RequestDelegateFactory.CreateArguments(ParameterInfo[] parameters, RequestDelegateFactoryContext factoryContext)\r\n   at Microsoft.AspNetCore.Http.RequestDelegateFactory.CreateArgumentsAndInferMetadata(MethodInfo methodInfo, RequestDelegateFactoryContext factoryContext)\r\n   at Microsoft.AspNetCore.Http.RequestDelegateFactory.InferMetadata(MethodInfo methodInfo, RequestDelegateFactoryOptions options)\r\n   at Microsoft.AspNetCore.Routing.RouteEndpointDataSource.CreateRouteEndpointBuilder(RouteEntry entry, RoutePattern groupPrefix, IReadOnlyList`1 groupConventions, IReadOnlyList`1 groupFinallyConventions)\r\n   at Microsoft.AspNetCore.Routing.RouteEndpointDataSource.GetGroupedEndpoints(RouteGroupContext context)\r\n   at Microsoft.AspNetCore.Routing.RouteGroupBuilder.GroupEndpointDataSource.GetGroupedEndpointsWithNullablePrefix(RoutePattern prefix, IReadOnlyList`1 conventions, IReadOnlyList`1 finallyConventions, IServiceProvider applicationServices)\r\n   at Microsoft.AspNetCore.Routing.RouteGroupBuilder.GroupEndpointDataSource.get_Endpoints()\r\n   at Microsoft.AspNetCore.Routing.CompositeEndpointDataSource.CreateEndpointsUnsynchronized()\r\n   at Microsoft.AspNetCore.Routing.CompositeEndpointDataSource.EnsureEndpointsInitialized()\r\n   at Microsoft.AspNetCore.Routing.CompositeEndpointDataSource.get_Endpoints()\r\n   at Microsoft.AspNetCore.Routing.DataSourceDependentCache`1.Initialize()\r\n   at System.Threading.LazyInitializer.EnsureInitializedCore[T](T& target, Boolean& initialized, Object& syncLock, Func`1 valueFactory)\r\n   at Microsoft.AspNetCore.Routing.Matching.DataSourceDependentMatcher..ctor(EndpointDataSource dataSource, Lifetime lifetime, Func`1 matcherBuilderFactory)\r\n   at Microsoft.AspNetCore.Routing.Matching.DfaMatcherFactory.CreateMatcher(EndpointDataSource dataSource)\r\n   at Microsoft.AspNetCore.Routing.EndpointRoutingMiddleware.InitializeCoreAsync()\r\n--- End of stack trace from previous location ---\r\n   at Microsoft.AspNetCore.Routing.EndpointRoutingMiddleware.<Invoke>g__AwaitMatcher|10_0(EndpointRoutingMiddleware middleware, HttpContext httpContext, Task`1 matcherTask)\r\n   at Microsoft.AspNetCore.Diagnostics.DeveloperExceptionPageMiddlewareImpl.Invoke(HttpContext context)","Properties":{"EventId":{"Id":1,"Name":"UnhandledException"},"SourceContext":"Microsoft.AspNetCore.Diagnostics.DeveloperExceptionPageMiddleware","RequestId":"0HMUHAF6JD6D7:00000007","RequestPath":"/favicon.ico","ConnectionId":"0HMUHAF6JD6D7","Application":"CallbackHub.Api"}}
{"Timestamp":"2023-10-20T15:06:26.1537635+05:00","Level":"Error","MessageTemplate":"Hosting failed to start","Exception":"System.InvalidOperationException: Call UseKestrelHttpsConfiguration() on IWebHostBuilder to automatically enable HTTPS when an https:// address is used.\r\n   at Microsoft.AspNetCore.Server.Kestrel.Core.HttpsConfigurationService.EnsureInitialized(String uninitializedError)\r\n   at Microsoft.AspNetCore.Server.Kestrel.Core.HttpsConfigurationService.UseHttpsWithDefaults(ListenOptions listenOptions)\r\n   at Microsoft.AspNetCore.Server.Kestrel.Core.Internal.AddressBinder.AddressesStrategy.BindAsync(AddressBindContext context, CancellationToken cancellationToken)\r\n   at Microsoft.AspNetCore.Server.Kestrel.Core.Internal.AddressBinder.BindAsync(ListenOptions[] listenOptions, AddressBindContext context, Func`2 useHttps, CancellationToken cancellationToken)\r\n   at Microsoft.AspNetCore.Server.Kestrel.Core.KestrelServerImpl.BindAsync(CancellationToken cancellationToken)\r\n   at Microsoft.AspNetCore.Server.Kestrel.Core.KestrelServerImpl.StartAsync[TContext](IHttpApplication`1 application, CancellationToken cancellationToken)\r\n   at Microsoft.AspNetCore.Hosting.GenericWebHostService.StartAsync(CancellationToken cancellationToken)\r\n   at Microsoft.Extensions.Hosting.Internal.Host.<StartAsync>b__15_1(IHostedService service, CancellationToken token)\r\n   at Microsoft.Extensions.Hosting.Internal.Host.ForeachService[T](IEnumerable`1 services, CancellationToken token, Boolean concurrent, Boolean abortOnFirstException, List`1 exceptions, Func`3 operation)","Properties":{"EventId":{"Id":11,"Name":"HostedServiceStartupFaulted"},"SourceContext":"Microsoft.Extensions.Hosting.Internal.Host","Application":"CallbackHub.Api"}}
{"Timestamp":"2023-10-20T15:26:48.0831373+05:00","Level":"Error","MessageTemplate":"Hosting failed to start","Exception":"System.InvalidOperationException: Call UseKestrelHttpsConfiguration() on IWebHostBuilder to enable loading HTTPS settings from configuration.\r\n   at Microsoft.AspNetCore.Server.Kestrel.Core.HttpsConfigurationService.EnsureInitialized(String uninitializedError)\r\n   at Microsoft.AspNetCore.Server.Kestrel.Core.HttpsConfigurationService.ApplyHttpsConfiguration(HttpsConnectionAdapterOptions httpsOptions, EndpointConfig endpoint, KestrelServerOptions serverOptions, CertificateConfig defaultCertificateConfig, ConfigurationReader configurationReader)\r\n   at Microsoft.AspNetCore.Server.Kestrel.KestrelConfigurationLoader.Reload()\r\n   at Microsoft.AspNetCore.Server.Kestrel.KestrelConfigurationLoader.LoadInternal()\r\n   at Microsoft.AspNetCore.Server.Kestrel.Core.KestrelServerImpl.BindAsync(CancellationToken cancellationToken)\r\n   at Microsoft.AspNetCore.Server.Kestrel.Core.KestrelServerImpl.StartAsync[TContext](IHttpApplication`1 application, CancellationToken cancellationToken)\r\n   at Microsoft.AspNetCore.Hosting.GenericWebHostService.StartAsync(CancellationToken cancellationToken)\r\n   at Microsoft.Extensions.Hosting.Internal.Host.<StartAsync>b__15_1(IHostedService service, CancellationToken token)\r\n   at Microsoft.Extensions.Hosting.Internal.Host.ForeachService[T](IEnumerable`1 services, CancellationToken token, Boolean concurrent, Boolean abortOnFirstException, List`1 exceptions, Func`3 operation)","Properties":{"EventId":{"Id":11,"Name":"HostedServiceStartupFaulted"},"SourceContext":"Microsoft.Extensions.Hosting.Internal.Host","Application":"CallbackHub.Api"}}
{"Timestamp":"2023-10-20T16:14:16.1943688+05:00","Level":"Error","MessageTemplate":"Message: Reflection-based serialization has been disabled for this application. Either use the source generator APIs or explicitly configure the 'JsonSerializerOptions.TypeInfoResolver' property., StackTrace:    at System.Text.Json.ThrowHelper.ThrowInvalidOperationException_JsonSerializerIsReflectionDisabled()\r\n   at System.Text.Json.JsonSerializerOptions.ConfigureForJsonSerializer()\r\n   at System.Text.Json.JsonSerializer.GetTypeInfo(JsonSerializerOptions options, Type inputType)\r\n   at System.Text.Json.JsonSerializer.GetTypeInfo[T](JsonSerializerOptions options)\r\n   at System.Text.Json.JsonSerializer.Serialize[TValue](TValue value, JsonSerializerOptions options)\r\n   at CH.Api.Common.Middlewares.AppLoggingMiddleware.SerializeHeaders(IHeaderDictionary headers) in C:\\Users\\AhsanJoyia\\source\\CallbackHub\\src\\CH.Api\\Common\\Middlewares\\AppLoggingMiddleware.cs:line 168\r\n   at CH.Api.Common.Middlewares.AppLoggingMiddleware.UpsertAppLogs(HttpContext context, Stopwatch stopwatch, Int32 statusCode, String requestBody, String responseBody, Int32 responseSize, String errorStackTrace, ILoggerRepository loggerRepository) in C:\\Users\\AhsanJoyia\\source\\CallbackHub\\src\\CH.Api\\Common\\Middlewares\\AppLoggingMiddleware.cs:line 80\r\n   at CH.Api.Common.Middlewares.AppLoggingMiddleware.Invoke(HttpContext context, ILoggerRepository loggerRepository) in C:\\Users\\AhsanJoyia\\source\\CallbackHub\\src\\CH.Api\\Common\\Middlewares\\AppLoggingMiddleware.cs:line 58","Exception":"System.InvalidOperationException: Reflection-based serialization has been disabled for this application. Either use the source generator APIs or explicitly configure the 'JsonSerializerOptions.TypeInfoResolver' property.\r\n   at System.Text.Json.ThrowHelper.ThrowInvalidOperationException_JsonSerializerIsReflectionDisabled()\r\n   at System.Text.Json.JsonSerializerOptions.ConfigureForJsonSerializer()\r\n   at System.Text.Json.JsonSerializer.GetTypeInfo(JsonSerializerOptions options, Type inputType)\r\n   at System.Text.Json.JsonSerializer.GetTypeInfo[T](JsonSerializerOptions options)\r\n   at System.Text.Json.JsonSerializer.Serialize[TValue](TValue value, JsonSerializerOptions options)\r\n   at CH.Api.Common.Middlewares.AppLoggingMiddleware.SerializeHeaders(IHeaderDictionary headers) in C:\\Users\\AhsanJoyia\\source\\CallbackHub\\src\\CH.Api\\Common\\Middlewares\\AppLoggingMiddleware.cs:line 168\r\n   at CH.Api.Common.Middlewares.AppLoggingMiddleware.UpsertAppLogs(HttpContext context, Stopwatch stopwatch, Int32 statusCode, String requestBody, String responseBody, Int32 responseSize, String errorStackTrace, ILoggerRepository loggerRepository) in C:\\Users\\AhsanJoyia\\source\\CallbackHub\\src\\CH.Api\\Common\\Middlewares\\AppLoggingMiddleware.cs:line 80\r\n   at CH.Api.Common.Middlewares.AppLoggingMiddleware.Invoke(HttpContext context, ILoggerRepository loggerRepository) in C:\\Users\\AhsanJoyia\\source\\CallbackHub\\src\\CH.Api\\Common\\Middlewares\\AppLoggingMiddleware.cs:line 58","Properties":{"Application":"CallbackHub.Api"}}
{"Timestamp":"2023-10-20T16:14:16.4088794+05:00","Level":"Error","MessageTemplate":"Reflection-based serialization has been disabled for this application. Either use the source generator APIs or explicitly configure the 'JsonSerializerOptions.TypeInfoResolver' property.","Exception":"System.InvalidOperationException: Reflection-based serialization has been disabled for this application. Either use the source generator APIs or explicitly configure the 'JsonSerializerOptions.TypeInfoResolver' property.\r\n   at System.Text.Json.ThrowHelper.ThrowInvalidOperationException_JsonSerializerIsReflectionDisabled()\r\n   at System.Text.Json.JsonSerializerOptions.ConfigureForJsonSerializer()\r\n   at System.Text.Json.JsonSerializer.GetTypeInfo(JsonSerializerOptions options, Type inputType)\r\n   at System.Text.Json.JsonSerializer.GetTypeInfo[T](JsonSerializerOptions options)\r\n   at System.Text.Json.JsonSerializer.Serialize[TValue](TValue value, JsonSerializerOptions options)\r\n   at CH.Api.Common.Middlewares.AppLoggingMiddleware.SerializeHeaders(IHeaderDictionary headers) in C:\\Users\\AhsanJoyia\\source\\CallbackHub\\src\\CH.Api\\Common\\Middlewares\\AppLoggingMiddleware.cs:line 168\r\n   at CH.Api.Common.Middlewares.AppLoggingMiddleware.UpsertAppLogs(HttpContext context, Stopwatch stopwatch, Int32 statusCode, String requestBody, String responseBody, Int32 responseSize, String errorStackTrace, ILoggerRepository loggerRepository) in C:\\Users\\AhsanJoyia\\source\\CallbackHub\\src\\CH.Api\\Common\\Middlewares\\AppLoggingMiddleware.cs:line 80\r\n   at CH.Api.Common.Middlewares.AppLoggingMiddleware.Invoke(HttpContext context, ILoggerRepository loggerRepository) in C:\\Users\\AhsanJoyia\\source\\CallbackHub\\src\\CH.Api\\Common\\Middlewares\\AppLoggingMiddleware.cs:line 65\r\n   at CH.Api.Common.Middlewares.AppLoggingMiddleware.Invoke(HttpContext context, ILoggerRepository loggerRepository) in C:\\Users\\AhsanJoyia\\source\\CallbackHub\\src\\CH.Api\\Common\\Middlewares\\AppLoggingMiddleware.cs:line 74\r\n   at CH.Api.Common.Middlewares.SecurityHeadersMiddleware.Invoke(HttpContext context) in C:\\Users\\AhsanJoyia\\source\\CallbackHub\\src\\CH.Api\\Common\\Middlewares\\SecurityHeadersMiddleware.cs:line 55\r\n   at CH.Api.Common.Middlewares.AppExceptionMiddleware.Invoke(HttpContext context) in C:\\Users\\AhsanJoyia\\source\\CallbackHub\\src\\CH.Api\\Common\\Middlewares\\AppExceptionMiddleware.cs:line 19","Properties":{"Application":"CallbackHub.Api"}}
{"Timestamp":"2023-10-20T16:14:16.4681454+05:00","Level":"Error","MessageTemplate":"An unhandled exception has occurred while executing the request.","Exception":"System.NotSupportedException: JsonTypeInfo metadata for type '<>f__AnonymousType0`2[System.String,System.Int32]' was not provided by TypeInfoResolver of type '[]'. If using source generation, ensure that all root types passed to the serializer have been annotated with 'JsonSerializableAttribute', along with any types that might be serialized polymorphically.\r\n   at System.Text.Json.ThrowHelper.ThrowNotSupportedException_NoMetadataForType(Type type, IJsonTypeInfoResolver resolver)\r\n   at System.Text.Json.JsonSerializerOptions.GetTypeInfoInternal(Type type, Boolean ensureConfigured, Nullable`1 ensureNotNull, Boolean resolveIfMutable, Boolean fallBackToNearestAncestorType)\r\n   at System.Text.Json.JsonSerializerOptions.GetTypeInfoForRootType(Type type, Boolean fallBackToNearestAncestorType)\r\n   at System.Text.Json.JsonSerializer.GetTypeInfo[T](JsonSerializerOptions options)\r\n   at System.Text.Json.JsonSerializer.SerializeAsync[TValue](Stream utf8Json, TValue value, JsonSerializerOptions options, CancellationToken cancellationToken)\r\n   at Microsoft.AspNetCore.Http.HttpResponseJsonExtensions.WriteAsJsonAsyncSlow[TValue](Stream body, TValue value, JsonSerializerOptions options, CancellationToken cancellationToken)\r\n   at CH.Api.Common.Middlewares.AppExceptionMiddleware.Invoke(HttpContext context) in C:\\Users\\AhsanJoyia\\source\\CallbackHub\\src\\CH.Api\\Common\\Middlewares\\AppExceptionMiddleware.cs:line 29\r\n   at Sentry.AspNetCore.SentryTracingMiddleware.InvokeAsync(HttpContext context)\r\n   at Sentry.AspNetCore.SentryTracingMiddleware.InvokeAsync(HttpContext context)\r\n   at Microsoft.AspNetCore.Diagnostics.DeveloperExceptionPageMiddlewareImpl.Invoke(HttpContext context)","Properties":{"EventId":{"Id":1,"Name":"UnhandledException"},"SourceContext":"Microsoft.AspNetCore.Diagnostics.DeveloperExceptionPageMiddleware","RequestId":"0HMUHBMOIBAIB:00000001","RequestPath":"/swagger","ConnectionId":"0HMUHBMOIBAIB","Application":"CallbackHub.Api"}}
{"Timestamp":"2023-10-20T16:14:17.6335180+05:00","Level":"Error","MessageTemplate":"Message: Reflection-based serialization has been disabled for this application. Either use the source generator APIs or explicitly configure the 'JsonSerializerOptions.TypeInfoResolver' property., StackTrace:    at System.Text.Json.ThrowHelper.ThrowInvalidOperationException_JsonSerializerIsReflectionDisabled()\r\n   at System.Text.Json.JsonSerializerOptions.ConfigureForJsonSerializer()\r\n   at System.Text.Json.JsonSerializer.GetTypeInfo(JsonSerializerOptions options, Type inputType)\r\n   at System.Text.Json.JsonSerializer.GetTypeInfo[T](JsonSerializerOptions options)\r\n   at System.Text.Json.JsonSerializer.Serialize[TValue](TValue value, JsonSerializerOptions options)\r\n   at CH.Api.Common.Middlewares.AppLoggingMiddleware.SerializeHeaders(IHeaderDictionary headers) in C:\\Users\\AhsanJoyia\\source\\CallbackHub\\src\\CH.Api\\Common\\Middlewares\\AppLoggingMiddleware.cs:line 168\r\n   at CH.Api.Common.Middlewares.AppLoggingMiddleware.UpsertAppLogs(HttpContext context, Stopwatch stopwatch, Int32 statusCode, String requestBody, String responseBody, Int32 responseSize, String errorStackTrace, ILoggerRepository loggerRepository) in C:\\Users\\AhsanJoyia\\source\\CallbackHub\\src\\CH.Api\\Common\\Middlewares\\AppLoggingMiddleware.cs:line 80\r\n   at CH.Api.Common.Middlewares.AppLoggingMiddleware.Invoke(HttpContext context, ILoggerRepository loggerRepository) in C:\\Users\\AhsanJoyia\\source\\CallbackHub\\src\\CH.Api\\Common\\Middlewares\\AppLoggingMiddleware.cs:line 58","Exception":"System.InvalidOperationException: Reflection-based serialization has been disabled for this application. Either use the source generator APIs or explicitly configure the 'JsonSerializerOptions.TypeInfoResolver' property.\r\n   at System.Text.Json.ThrowHelper.ThrowInvalidOperationException_JsonSerializerIsReflectionDisabled()\r\n   at System.Text.Json.JsonSerializerOptions.ConfigureForJsonSerializer()\r\n   at System.Text.Json.JsonSerializer.GetTypeInfo(JsonSerializerOptions options, Type inputType)\r\n   at System.Text.Json.JsonSerializer.GetTypeInfo[T](JsonSerializerOptions options)\r\n   at System.Text.Json.JsonSerializer.Serialize[TValue](TValue value, JsonSerializerOptions options)\r\n   at CH.Api.Common.Middlewares.AppLoggingMiddleware.SerializeHeaders(IHeaderDictionary headers) in C:\\Users\\AhsanJoyia\\source\\CallbackHub\\src\\CH.Api\\Common\\Middlewares\\AppLoggingMiddleware.cs:line 168\r\n   at CH.Api.Common.Middlewares.AppLoggingMiddleware.UpsertAppLogs(HttpContext context, Stopwatch stopwatch, Int32 statusCode, String requestBody, String responseBody, Int32 responseSize, String errorStackTrace, ILoggerRepository loggerRepository) in C:\\Users\\AhsanJoyia\\source\\CallbackHub\\src\\CH.Api\\Common\\Middlewares\\AppLoggingMiddleware.cs:line 80\r\n   at CH.Api.Common.Middlewares.AppLoggingMiddleware.Invoke(HttpContext context, ILoggerRepository loggerRepository) in C:\\Users\\AhsanJoyia\\source\\CallbackHub\\src\\CH.Api\\Common\\Middlewares\\AppLoggingMiddleware.cs:line 58","Properties":{"Application":"CallbackHub.Api"}}
{"Timestamp":"2023-10-20T16:14:17.7043397+05:00","Level":"Error","MessageTemplate":"Reflection-based serialization has been disabled for this application. Either use the source generator APIs or explicitly configure the 'JsonSerializerOptions.TypeInfoResolver' property.","Exception":"System.InvalidOperationException: Reflection-based serialization has been disabled for this application. Either use the source generator APIs or explicitly configure the 'JsonSerializerOptions.TypeInfoResolver' property.\r\n   at System.Text.Json.ThrowHelper.ThrowInvalidOperationException_JsonSerializerIsReflectionDisabled()\r\n   at System.Text.Json.JsonSerializerOptions.ConfigureForJsonSerializer()\r\n   at System.Text.Json.JsonSerializer.GetTypeInfo(JsonSerializerOptions options, Type inputType)\r\n   at System.Text.Json.JsonSerializer.GetTypeInfo[T](JsonSerializerOptions options)\r\n   at System.Text.Json.JsonSerializer.Serialize[TValue](TValue value, JsonSerializerOptions options)\r\n   at CH.Api.Common.Middlewares.AppLoggingMiddleware.SerializeHeaders(IHeaderDictionary headers) in C:\\Users\\AhsanJoyia\\source\\CallbackHub\\src\\CH.Api\\Common\\Middlewares\\AppLoggingMiddleware.cs:line 168\r\n   at CH.Api.Common.Middlewares.AppLoggingMiddleware.UpsertAppLogs(HttpContext context, Stopwatch stopwatch, Int32 statusCode, String requestBody, String responseBody, Int32 responseSize, String errorStackTrace, ILoggerRepository loggerRepository) in C:\\Users\\AhsanJoyia\\source\\CallbackHub\\src\\CH.Api\\Common\\Middlewares\\AppLoggingMiddleware.cs:line 80\r\n   at CH.Api.Common.Middlewares.AppLoggingMiddleware.Invoke(HttpContext context, ILoggerRepository loggerRepository) in C:\\Users\\AhsanJoyia\\source\\CallbackHub\\src\\CH.Api\\Common\\Middlewares\\AppLoggingMiddleware.cs:line 65\r\n   at CH.Api.Common.Middlewares.AppLoggingMiddleware.Invoke(HttpContext context, ILoggerRepository loggerRepository) in C:\\Users\\AhsanJoyia\\source\\CallbackHub\\src\\CH.Api\\Common\\Middlewares\\AppLoggingMiddleware.cs:line 74\r\n   at CH.Api.Common.Middlewares.SecurityHeadersMiddleware.Invoke(HttpContext context) in C:\\Users\\AhsanJoyia\\source\\CallbackHub\\src\\CH.Api\\Common\\Middlewares\\SecurityHeadersMiddleware.cs:line 55\r\n   at CH.Api.Common.Middlewares.AppExceptionMiddleware.Invoke(HttpContext context) in C:\\Users\\AhsanJoyia\\source\\CallbackHub\\src\\CH.Api\\Common\\Middlewares\\AppExceptionMiddleware.cs:line 19","Properties":{"Application":"CallbackHub.Api"}}
{"Timestamp":"2023-10-20T16:14:17.7263228+05:00","Level":"Error","MessageTemplate":"An unhandled exception has occurred while executing the request.","Exception":"System.NotSupportedException: JsonTypeInfo metadata for type '<>f__AnonymousType0`2[System.String,System.Int32]' was not provided by TypeInfoResolver of type '[]'. If using source generation, ensure that all root types passed to the serializer have been annotated with 'JsonSerializableAttribute', along with any types that might be serialized polymorphically.\r\n   at System.Text.Json.ThrowHelper.ThrowNotSupportedException_NoMetadataForType(Type type, IJsonTypeInfoResolver resolver)\r\n   at System.Text.Json.JsonSerializerOptions.GetTypeInfoInternal(Type type, Boolean ensureConfigured, Nullable`1 ensureNotNull, Boolean resolveIfMutable, Boolean fallBackToNearestAncestorType)\r\n   at System.Text.Json.JsonSerializerOptions.GetTypeInfoForRootType(Type type, Boolean fallBackToNearestAncestorType)\r\n   at System.Text.Json.JsonSerializer.GetTypeInfo[T](JsonSerializerOptions options)\r\n   at System.Text.Json.JsonSerializer.SerializeAsync[TValue](Stream utf8Json, TValue value, JsonSerializerOptions options, CancellationToken cancellationToken)\r\n   at Microsoft.AspNetCore.Http.HttpResponseJsonExtensions.WriteAsJsonAsyncSlow[TValue](Stream body, TValue value, JsonSerializerOptions options, CancellationToken cancellationToken)\r\n   at CH.Api.Common.Middlewares.AppExceptionMiddleware.Invoke(HttpContext context) in C:\\Users\\AhsanJoyia\\source\\CallbackHub\\src\\CH.Api\\Common\\Middlewares\\AppExceptionMiddleware.cs:line 29\r\n   at Sentry.AspNetCore.SentryTracingMiddleware.InvokeAsync(HttpContext context)\r\n   at Sentry.AspNetCore.SentryTracingMiddleware.InvokeAsync(HttpContext context)\r\n   at Microsoft.AspNetCore.Diagnostics.DeveloperExceptionPageMiddlewareImpl.Invoke(HttpContext context)","Properties":{"EventId":{"Id":1,"Name":"UnhandledException"},"SourceContext":"Microsoft.AspNetCore.Diagnostics.DeveloperExceptionPageMiddleware","RequestId":"0HMUHBMOIBAIB:00000002","RequestPath":"/favicon.ico","ConnectionId":"0HMUHBMOIBAIB","Application":"CallbackHub.Api"}}
