{"Timestamp":"2024-01-16T12:50:32.8868311+05:00","Level":"Error","MessageTemplate":"Message: Only the invariant culture is supported in globalization-invariant mode. See https://aka.ms/GlobalizationInvariantMode for more information. (Parameter 'name')\r\nen-us is an invalid culture identifier., StackTrace:    at System.Globalization.CultureInfo.GetCultureInfo(String name)\r\n   at Microsoft.Data.SqlClient.SqlConnection.TryOpen(TaskCompletionSource`1 retry, SqlConnectionOverrides overrides)\r\n   at Microsoft.Data.SqlClient.SqlConnection.InternalOpenAsync(CancellationToken cancellationToken)\r\n--- End of stack trace from previous location ---\r\n   at Dapper.SqlMapper.ExecuteImplAsync(IDbConnection cnn, CommandDefinition command, Object param) in /_/Dapper/SqlMapper.Async.cs:line 661\r\n   at CH.Api.Common.Repositories.LoggerRepository.AppLogUpsertAsync(AppLogDto appLogDto) in C:\\Users\\AhsanJoyia\\source\\CallbackHub\\src\\CH.Api\\Common\\Repositories\\LoggerRepository.cs:line 39\r\n   at CH.Api.Common.Middlewares.AppLoggingMiddleware.UpsertAppLogs(HttpContext context, Stopwatch stopwatch, Int32 statusCode, String requestBody, String responseBody, Int32 responseSize, String errorStackTrace, ILoggerRepository loggerRepository) in C:\\Users\\AhsanJoyia\\source\\CallbackHub\\src\\CH.Api\\Common\\Middlewares\\AppLoggingMiddleware.cs:line 90\r\n   at CH.Api.Common.Middlewares.AppLoggingMiddleware.Invoke(HttpContext context, ILoggerRepository loggerRepository) in C:\\Users\\AhsanJoyia\\source\\CallbackHub\\src\\CH.Api\\Common\\Middlewares\\AppLoggingMiddleware.cs:line 50","TraceId":"d157d006913505e4788f010274c4c9e6","SpanId":"3f02802d16f6d3ce","Exception":"System.Globalization.CultureNotFoundException: Only the invariant culture is supported in globalization-invariant mode. See https://aka.ms/GlobalizationInvariantMode for more information. (Parameter 'name')\r\nen-us is an invalid culture identifier.\r\n   at System.Globalization.CultureInfo.GetCultureInfo(String name)\r\n   at Microsoft.Data.SqlClient.SqlConnection.TryOpen(TaskCompletionSource`1 retry, SqlConnectionOverrides overrides)\r\n   at Microsoft.Data.SqlClient.SqlConnection.InternalOpenAsync(CancellationToken cancellationToken)\r\n--- End of stack trace from previous location ---\r\n   at Dapper.SqlMapper.ExecuteImplAsync(IDbConnection cnn, CommandDefinition command, Object param) in /_/Dapper/SqlMapper.Async.cs:line 661\r\n   at CH.Api.Common.Repositories.LoggerRepository.AppLogUpsertAsync(AppLogDto appLogDto) in C:\\Users\\AhsanJoyia\\source\\CallbackHub\\src\\CH.Api\\Common\\Repositories\\LoggerRepository.cs:line 39\r\n   at CH.Api.Common.Middlewares.AppLoggingMiddleware.UpsertAppLogs(HttpContext context, Stopwatch stopwatch, Int32 statusCode, String requestBody, String responseBody, Int32 responseSize, String errorStackTrace, ILoggerRepository loggerRepository) in C:\\Users\\AhsanJoyia\\source\\CallbackHub\\src\\CH.Api\\Common\\Middlewares\\AppLoggingMiddleware.cs:line 90\r\n   at CH.Api.Common.Middlewares.AppLoggingMiddleware.Invoke(HttpContext context, ILoggerRepository loggerRepository) in C:\\Users\\AhsanJoyia\\source\\CallbackHub\\src\\CH.Api\\Common\\Middlewares\\AppLoggingMiddleware.cs:line 50","Properties":{"Application":"CallbackHub.Api"}}
{"Timestamp":"2024-01-16T12:50:33.0976579+05:00","Level":"Error","MessageTemplate":"Only the invariant culture is supported in globalization-invariant mode. See https://aka.ms/GlobalizationInvariantMode for more information. (Parameter 'name')\r\nen-us is an invalid culture identifier.","TraceId":"d157d006913505e4788f010274c4c9e6","SpanId":"3f02802d16f6d3ce","Exception":"System.Globalization.CultureNotFoundException: Only the invariant culture is supported in globalization-invariant mode. See https://aka.ms/GlobalizationInvariantMode for more information. (Parameter 'name')\r\nen-us is an invalid culture identifier.\r\n   at System.Globalization.CultureInfo.GetCultureInfo(String name)\r\n   at Microsoft.Data.SqlClient.SqlConnection.TryOpen(TaskCompletionSource`1 retry, SqlConnectionOverrides overrides)\r\n   at Microsoft.Data.SqlClient.SqlConnection.InternalOpenAsync(CancellationToken cancellationToken)\r\n--- End of stack trace from previous location ---\r\n   at Dapper.SqlMapper.ExecuteImplAsync(IDbConnection cnn, CommandDefinition command, Object param) in /_/Dapper/SqlMapper.Async.cs:line 661\r\n   at CH.Api.Common.Repositories.LoggerRepository.AppLogUpsertAsync(AppLogDto appLogDto) in C:\\Users\\AhsanJoyia\\source\\CallbackHub\\src\\CH.Api\\Common\\Repositories\\LoggerRepository.cs:line 39\r\n   at CH.Api.Common.Middlewares.AppLoggingMiddleware.UpsertAppLogs(HttpContext context, Stopwatch stopwatch, Int32 statusCode, String requestBody, String responseBody, Int32 responseSize, String errorStackTrace, ILoggerRepository loggerRepository) in C:\\Users\\AhsanJoyia\\source\\CallbackHub\\src\\CH.Api\\Common\\Middlewares\\AppLoggingMiddleware.cs:line 90\r\n   at CH.Api.Common.Middlewares.AppLoggingMiddleware.Invoke(HttpContext context, ILoggerRepository loggerRepository) in C:\\Users\\AhsanJoyia\\source\\CallbackHub\\src\\CH.Api\\Common\\Middlewares\\AppLoggingMiddleware.cs:line 57\r\n   at CH.Api.Common.Middlewares.AppLoggingMiddleware.Invoke(HttpContext context, ILoggerRepository loggerRepository) in C:\\Users\\AhsanJoyia\\source\\CallbackHub\\src\\CH.Api\\Common\\Middlewares\\AppLoggingMiddleware.cs:line 66\r\n   at CH.Api.Common.Middlewares.AppExceptionMiddleware.Invoke(HttpContext context) in C:\\Users\\AhsanJoyia\\source\\CallbackHub\\src\\CH.Api\\Common\\Middlewares\\AppExceptionMiddleware.cs:line 14","Properties":{"Application":"CallbackHub.Api"}}
{"Timestamp":"2024-01-16T12:51:38.3743761+05:00","Level":"Error","MessageTemplate":"Message: Only the invariant culture is supported in globalization-invariant mode. See https://aka.ms/GlobalizationInvariantMode for more information. (Parameter 'name')\r\nen-us is an invalid culture identifier., StackTrace:    at System.Globalization.CultureInfo.GetCultureInfo(String name)\r\n   at Microsoft.Data.SqlClient.SqlConnection.TryOpen(TaskCompletionSource`1 retry, SqlConnectionOverrides overrides)\r\n   at Microsoft.Data.SqlClient.SqlConnection.InternalOpenAsync(CancellationToken cancellationToken)\r\n--- End of stack trace from previous location ---\r\n   at Dapper.SqlMapper.ExecuteImplAsync(IDbConnection cnn, CommandDefinition command, Object param) in /_/Dapper/SqlMapper.Async.cs:line 661\r\n   at CH.Api.Common.Repositories.LoggerRepository.AppLogUpsertAsync(AppLogDto appLogDto) in C:\\Users\\AhsanJoyia\\source\\CallbackHub\\src\\CH.Api\\Common\\Repositories\\LoggerRepository.cs:line 39\r\n   at CH.Api.Common.Middlewares.AppLoggingMiddleware.UpsertAppLogs(HttpContext context, Stopwatch stopwatch, Int32 statusCode, String requestBody, String responseBody, Int32 responseSize, String errorStackTrace, ILoggerRepository loggerRepository) in C:\\Users\\AhsanJoyia\\source\\CallbackHub\\src\\CH.Api\\Common\\Middlewares\\AppLoggingMiddleware.cs:line 90\r\n   at CH.Api.Common.Middlewares.AppLoggingMiddleware.Invoke(HttpContext context, ILoggerRepository loggerRepository) in C:\\Users\\AhsanJoyia\\source\\CallbackHub\\src\\CH.Api\\Common\\Middlewares\\AppLoggingMiddleware.cs:line 50","TraceId":"a73ba600405059de562c024af254dffb","SpanId":"b5db0501f7e8b385","Exception":"System.Globalization.CultureNotFoundException: Only the invariant culture is supported in globalization-invariant mode. See https://aka.ms/GlobalizationInvariantMode for more information. (Parameter 'name')\r\nen-us is an invalid culture identifier.\r\n   at System.Globalization.CultureInfo.GetCultureInfo(String name)\r\n   at Microsoft.Data.SqlClient.SqlConnection.TryOpen(TaskCompletionSource`1 retry, SqlConnectionOverrides overrides)\r\n   at Microsoft.Data.SqlClient.SqlConnection.InternalOpenAsync(CancellationToken cancellationToken)\r\n--- End of stack trace from previous location ---\r\n   at Dapper.SqlMapper.ExecuteImplAsync(IDbConnection cnn, CommandDefinition command, Object param) in /_/Dapper/SqlMapper.Async.cs:line 661\r\n   at CH.Api.Common.Repositories.LoggerRepository.AppLogUpsertAsync(AppLogDto appLogDto) in C:\\Users\\AhsanJoyia\\source\\CallbackHub\\src\\CH.Api\\Common\\Repositories\\LoggerRepository.cs:line 39\r\n   at CH.Api.Common.Middlewares.AppLoggingMiddleware.UpsertAppLogs(HttpContext context, Stopwatch stopwatch, Int32 statusCode, String requestBody, String responseBody, Int32 responseSize, String errorStackTrace, ILoggerRepository loggerRepository) in C:\\Users\\AhsanJoyia\\source\\CallbackHub\\src\\CH.Api\\Common\\Middlewares\\AppLoggingMiddleware.cs:line 90\r\n   at CH.Api.Common.Middlewares.AppLoggingMiddleware.Invoke(HttpContext context, ILoggerRepository loggerRepository) in C:\\Users\\AhsanJoyia\\source\\CallbackHub\\src\\CH.Api\\Common\\Middlewares\\AppLoggingMiddleware.cs:line 50","Properties":{"Application":"CallbackHub.Api"}}
{"Timestamp":"2024-01-16T12:51:38.6157542+05:00","Level":"Error","MessageTemplate":"Only the invariant culture is supported in globalization-invariant mode. See https://aka.ms/GlobalizationInvariantMode for more information. (Parameter 'name')\r\nen-us is an invalid culture identifier.","TraceId":"a73ba600405059de562c024af254dffb","SpanId":"b5db0501f7e8b385","Exception":"System.Globalization.CultureNotFoundException: Only the invariant culture is supported in globalization-invariant mode. See https://aka.ms/GlobalizationInvariantMode for more information. (Parameter 'name')\r\nen-us is an invalid culture identifier.\r\n   at System.Globalization.CultureInfo.GetCultureInfo(String name)\r\n   at Microsoft.Data.SqlClient.SqlConnection.TryOpen(TaskCompletionSource`1 retry, SqlConnectionOverrides overrides)\r\n   at Microsoft.Data.SqlClient.SqlConnection.InternalOpenAsync(CancellationToken cancellationToken)\r\n--- End of stack trace from previous location ---\r\n   at Dapper.SqlMapper.ExecuteImplAsync(IDbConnection cnn, CommandDefinition command, Object param) in /_/Dapper/SqlMapper.Async.cs:line 661\r\n   at CH.Api.Common.Repositories.LoggerRepository.AppLogUpsertAsync(AppLogDto appLogDto) in C:\\Users\\AhsanJoyia\\source\\CallbackHub\\src\\CH.Api\\Common\\Repositories\\LoggerRepository.cs:line 39\r\n   at CH.Api.Common.Middlewares.AppLoggingMiddleware.UpsertAppLogs(HttpContext context, Stopwatch stopwatch, Int32 statusCode, String requestBody, String responseBody, Int32 responseSize, String errorStackTrace, ILoggerRepository loggerRepository) in C:\\Users\\AhsanJoyia\\source\\CallbackHub\\src\\CH.Api\\Common\\Middlewares\\AppLoggingMiddleware.cs:line 90\r\n   at CH.Api.Common.Middlewares.AppLoggingMiddleware.Invoke(HttpContext context, ILoggerRepository loggerRepository) in C:\\Users\\AhsanJoyia\\source\\CallbackHub\\src\\CH.Api\\Common\\Middlewares\\AppLoggingMiddleware.cs:line 57\r\n   at CH.Api.Common.Middlewares.AppLoggingMiddleware.Invoke(HttpContext context, ILoggerRepository loggerRepository) in C:\\Users\\AhsanJoyia\\source\\CallbackHub\\src\\CH.Api\\Common\\Middlewares\\AppLoggingMiddleware.cs:line 66\r\n   at Sentry.AspNetCore.SentryTracingMiddleware.InvokeAsync(HttpContext context)\r\n   at Sentry.AspNetCore.SentryTracingMiddleware.InvokeAsync(HttpContext context)\r\n   at CH.Api.Common.Middlewares.SecurityHeadersMiddleware.Invoke(HttpContext context) in C:\\Users\\AhsanJoyia\\source\\CallbackHub\\src\\CH.Api\\Common\\Middlewares\\SecurityHeadersMiddleware.cs:line 55\r\n   at CH.Api.Common.Middlewares.AppExceptionMiddleware.Invoke(HttpContext context) in C:\\Users\\AhsanJoyia\\source\\CallbackHub\\src\\CH.Api\\Common\\Middlewares\\AppExceptionMiddleware.cs:line 14","Properties":{"Application":"CallbackHub.Api"}}
{"Timestamp":"2024-01-16T12:54:27.5409119+05:00","Level":"Error","MessageTemplate":"Message: Could not find stored procedure 'ch_app_log_uppsert'., StackTrace:    at Microsoft.Data.SqlClient.SqlConnection.OnError(SqlException exception, Boolean breakConnection, Action`1 wrapCloseInAction)\r\n   at Microsoft.Data.SqlClient.SqlInternalConnection.OnError(SqlException exception, Boolean breakConnection, Action`1 wrapCloseInAction)\r\n   at Microsoft.Data.SqlClient.TdsParser.ThrowExceptionAndWarning(TdsParserStateObject stateObj, Boolean callerHasConnectionLock, Boolean asyncClose)\r\n   at Microsoft.Data.SqlClient.TdsParser.TryRun(RunBehavior runBehavior, SqlCommand cmdHandler, SqlDataReader dataStream, BulkCopySimpleResultSet bulkCopyHandler, TdsParserStateObject stateObj, Boolean& dataReady)\r\n   at Microsoft.Data.SqlClient.SqlCommand.FinishExecuteReader(SqlDataReader ds, RunBehavior runBehavior, String resetOptionsString, Boolean isInternal, Boolean forDescribeParameterEncryption, Boolean shouldCacheForAlwaysEncrypted)\r\n   at Microsoft.Data.SqlClient.SqlCommand.CompleteAsyncExecuteReader(Boolean isInternal, Boolean forDescribeParameterEncryption)\r\n   at Microsoft.Data.SqlClient.SqlCommand.InternalEndExecuteNonQuery(IAsyncResult asyncResult, Boolean isInternal, String endMethod)\r\n   at Microsoft.Data.SqlClient.SqlCommand.EndExecuteNonQueryInternal(IAsyncResult asyncResult)\r\n   at Microsoft.Data.SqlClient.SqlCommand.EndExecuteNonQueryAsync(IAsyncResult asyncResult)\r\n   at Microsoft.Data.SqlClient.SqlCommand.<>c.<InternalExecuteNonQueryAsync>b__210_1(IAsyncResult result)\r\n   at System.Threading.Tasks.TaskFactory`1.FromAsyncCoreLogic(IAsyncResult iar, Func`2 endFunction, Action`1 endAction, Task`1 promise, Boolean requiresSynchronization)\r\n--- End of stack trace from previous location ---\r\n   at Dapper.SqlMapper.ExecuteImplAsync(IDbConnection cnn, CommandDefinition command, Object param) in /_/Dapper/SqlMapper.Async.cs:line 662\r\n   at CH.Api.Common.Repositories.LoggerRepository.AppLogUpsertAsync(AppLogDto appLogDto) in C:\\Users\\AhsanJoyia\\source\\CallbackHub\\src\\CH.Api\\Common\\Repositories\\LoggerRepository.cs:line 39\r\n   at CH.Api.Common.Middlewares.AppLoggingMiddleware.UpsertAppLogs(HttpContext context, Stopwatch stopwatch, Int32 statusCode, String requestBody, String responseBody, Int32 responseSize, String errorStackTrace, ILoggerRepository loggerRepository) in C:\\Users\\AhsanJoyia\\source\\CallbackHub\\src\\CH.Api\\Common\\Middlewares\\AppLoggingMiddleware.cs:line 90\r\n   at CH.Api.Common.Middlewares.AppLoggingMiddleware.Invoke(HttpContext context, ILoggerRepository loggerRepository) in C:\\Users\\AhsanJoyia\\source\\CallbackHub\\src\\CH.Api\\Common\\Middlewares\\AppLoggingMiddleware.cs:line 50","TraceId":"e9d0117631143b4ca0e7454da85f6fea","SpanId":"c7850dc591dac819","Exception":"Microsoft.Data.SqlClient.SqlException (0x80131904): Could not find stored procedure 'ch_app_log_uppsert'.\r\n   at Microsoft.Data.SqlClient.SqlConnection.OnError(SqlException exception, Boolean breakConnection, Action`1 wrapCloseInAction)\r\n   at Microsoft.Data.SqlClient.SqlInternalConnection.OnError(SqlException exception, Boolean breakConnection, Action`1 wrapCloseInAction)\r\n   at Microsoft.Data.SqlClient.TdsParser.ThrowExceptionAndWarning(TdsParserStateObject stateObj, Boolean callerHasConnectionLock, Boolean asyncClose)\r\n   at Microsoft.Data.SqlClient.TdsParser.TryRun(RunBehavior runBehavior, SqlCommand cmdHandler, SqlDataReader dataStream, BulkCopySimpleResultSet bulkCopyHandler, TdsParserStateObject stateObj, Boolean& dataReady)\r\n   at Microsoft.Data.SqlClient.SqlCommand.FinishExecuteReader(SqlDataReader ds, RunBehavior runBehavior, String resetOptionsString, Boolean isInternal, Boolean forDescribeParameterEncryption, Boolean shouldCacheForAlwaysEncrypted)\r\n   at Microsoft.Data.SqlClient.SqlCommand.CompleteAsyncExecuteReader(Boolean isInternal, Boolean forDescribeParameterEncryption)\r\n   at Microsoft.Data.SqlClient.SqlCommand.InternalEndExecuteNonQuery(IAsyncResult asyncResult, Boolean isInternal, String endMethod)\r\n   at Microsoft.Data.SqlClient.SqlCommand.EndExecuteNonQueryInternal(IAsyncResult asyncResult)\r\n   at Microsoft.Data.SqlClient.SqlCommand.EndExecuteNonQueryAsync(IAsyncResult asyncResult)\r\n   at Microsoft.Data.SqlClient.SqlCommand.<>c.<InternalExecuteNonQueryAsync>b__210_1(IAsyncResult result)\r\n   at System.Threading.Tasks.TaskFactory`1.FromAsyncCoreLogic(IAsyncResult iar, Func`2 endFunction, Action`1 endAction, Task`1 promise, Boolean requiresSynchronization)\r\n--- End of stack trace from previous location ---\r\n   at Dapper.SqlMapper.ExecuteImplAsync(IDbConnection cnn, CommandDefinition command, Object param) in /_/Dapper/SqlMapper.Async.cs:line 662\r\n   at CH.Api.Common.Repositories.LoggerRepository.AppLogUpsertAsync(AppLogDto appLogDto) in C:\\Users\\AhsanJoyia\\source\\CallbackHub\\src\\CH.Api\\Common\\Repositories\\LoggerRepository.cs:line 39\r\n   at CH.Api.Common.Middlewares.AppLoggingMiddleware.UpsertAppLogs(HttpContext context, Stopwatch stopwatch, Int32 statusCode, String requestBody, String responseBody, Int32 responseSize, String errorStackTrace, ILoggerRepository loggerRepository) in C:\\Users\\AhsanJoyia\\source\\CallbackHub\\src\\CH.Api\\Common\\Middlewares\\AppLoggingMiddleware.cs:line 90\r\n   at CH.Api.Common.Middlewares.AppLoggingMiddleware.Invoke(HttpContext context, ILoggerRepository loggerRepository) in C:\\Users\\AhsanJoyia\\source\\CallbackHub\\src\\CH.Api\\Common\\Middlewares\\AppLoggingMiddleware.cs:line 50\r\nClientConnectionId:0a1b45e7-7d59-491e-9673-a3044a2f8471\r\nError Number:2812,State:62,Class:16","Properties":{"Application":"CallbackHub.Api"}}
{"Timestamp":"2024-01-16T12:54:27.9636964+05:00","Level":"Error","MessageTemplate":"Could not find stored procedure 'ch_app_log_uppsert'.","TraceId":"e9d0117631143b4ca0e7454da85f6fea","SpanId":"c7850dc591dac819","Exception":"Microsoft.Data.SqlClient.SqlException (0x80131904): Could not find stored procedure 'ch_app_log_uppsert'.\r\n   at Microsoft.Data.SqlClient.SqlConnection.OnError(SqlException exception, Boolean breakConnection, Action`1 wrapCloseInAction)\r\n   at Microsoft.Data.SqlClient.SqlInternalConnection.OnError(SqlException exception, Boolean breakConnection, Action`1 wrapCloseInAction)\r\n   at Microsoft.Data.SqlClient.TdsParser.ThrowExceptionAndWarning(TdsParserStateObject stateObj, Boolean callerHasConnectionLock, Boolean asyncClose)\r\n   at Microsoft.Data.SqlClient.TdsParser.TryRun(RunBehavior runBehavior, SqlCommand cmdHandler, SqlDataReader dataStream, BulkCopySimpleResultSet bulkCopyHandler, TdsParserStateObject stateObj, Boolean& dataReady)\r\n   at Microsoft.Data.SqlClient.SqlCommand.FinishExecuteReader(SqlDataReader ds, RunBehavior runBehavior, String resetOptionsString, Boolean isInternal, Boolean forDescribeParameterEncryption, Boolean shouldCacheForAlwaysEncrypted)\r\n   at Microsoft.Data.SqlClient.SqlCommand.CompleteAsyncExecuteReader(Boolean isInternal, Boolean forDescribeParameterEncryption)\r\n   at Microsoft.Data.SqlClient.SqlCommand.InternalEndExecuteNonQuery(IAsyncResult asyncResult, Boolean isInternal, String endMethod)\r\n   at Microsoft.Data.SqlClient.SqlCommand.EndExecuteNonQueryInternal(IAsyncResult asyncResult)\r\n   at Microsoft.Data.SqlClient.SqlCommand.EndExecuteNonQueryAsync(IAsyncResult asyncResult)\r\n   at Microsoft.Data.SqlClient.SqlCommand.<>c.<InternalExecuteNonQueryAsync>b__210_1(IAsyncResult result)\r\n   at System.Threading.Tasks.TaskFactory`1.FromAsyncCoreLogic(IAsyncResult iar, Func`2 endFunction, Action`1 endAction, Task`1 promise, Boolean requiresSynchronization)\r\n--- End of stack trace from previous location ---\r\n   at Dapper.SqlMapper.ExecuteImplAsync(IDbConnection cnn, CommandDefinition command, Object param) in /_/Dapper/SqlMapper.Async.cs:line 662\r\n   at CH.Api.Common.Repositories.LoggerRepository.AppLogUpsertAsync(AppLogDto appLogDto) in C:\\Users\\AhsanJoyia\\source\\CallbackHub\\src\\CH.Api\\Common\\Repositories\\LoggerRepository.cs:line 39\r\n   at CH.Api.Common.Middlewares.AppLoggingMiddleware.UpsertAppLogs(HttpContext context, Stopwatch stopwatch, Int32 statusCode, String requestBody, String responseBody, Int32 responseSize, String errorStackTrace, ILoggerRepository loggerRepository) in C:\\Users\\AhsanJoyia\\source\\CallbackHub\\src\\CH.Api\\Common\\Middlewares\\AppLoggingMiddleware.cs:line 90\r\n   at CH.Api.Common.Middlewares.AppLoggingMiddleware.Invoke(HttpContext context, ILoggerRepository loggerRepository) in C:\\Users\\AhsanJoyia\\source\\CallbackHub\\src\\CH.Api\\Common\\Middlewares\\AppLoggingMiddleware.cs:line 57\r\n   at CH.Api.Common.Middlewares.AppLoggingMiddleware.Invoke(HttpContext context, ILoggerRepository loggerRepository) in C:\\Users\\AhsanJoyia\\source\\CallbackHub\\src\\CH.Api\\Common\\Middlewares\\AppLoggingMiddleware.cs:line 66\r\n   at Sentry.AspNetCore.SentryTracingMiddleware.InvokeAsync(HttpContext context)\r\n   at Sentry.AspNetCore.SentryTracingMiddleware.InvokeAsync(HttpContext context)\r\n   at CH.Api.Common.Middlewares.SecurityHeadersMiddleware.Invoke(HttpContext context) in C:\\Users\\AhsanJoyia\\source\\CallbackHub\\src\\CH.Api\\Common\\Middlewares\\SecurityHeadersMiddleware.cs:line 55\r\n   at CH.Api.Common.Middlewares.AppExceptionMiddleware.Invoke(HttpContext context) in C:\\Users\\AhsanJoyia\\source\\CallbackHub\\src\\CH.Api\\Common\\Middlewares\\AppExceptionMiddleware.cs:line 14\r\nClientConnectionId:0a1b45e7-7d59-491e-9673-a3044a2f8471\r\nError Number:2812,State:62,Class:16","Properties":{"Application":"CallbackHub.Api"}}
{"Timestamp":"2024-01-16T12:58:26.4249406+05:00","Level":"Error","MessageTemplate":"Message: Could not find stored procedure 'ch_app_log_uppsert'., StackTrace:    at Microsoft.Data.SqlClient.SqlConnection.OnError(SqlException exception, Boolean breakConnection, Action`1 wrapCloseInAction)\r\n   at Microsoft.Data.SqlClient.SqlInternalConnection.OnError(SqlException exception, Boolean breakConnection, Action`1 wrapCloseInAction)\r\n   at Microsoft.Data.SqlClient.TdsParser.ThrowExceptionAndWarning(TdsParserStateObject stateObj, Boolean callerHasConnectionLock, Boolean asyncClose)\r\n   at Microsoft.Data.SqlClient.TdsParser.TryRun(RunBehavior runBehavior, SqlCommand cmdHandler, SqlDataReader dataStream, BulkCopySimpleResultSet bulkCopyHandler, TdsParserStateObject stateObj, Boolean& dataReady)\r\n   at Microsoft.Data.SqlClient.SqlCommand.FinishExecuteReader(SqlDataReader ds, RunBehavior runBehavior, String resetOptionsString, Boolean isInternal, Boolean forDescribeParameterEncryption, Boolean shouldCacheForAlwaysEncrypted)\r\n   at Microsoft.Data.SqlClient.SqlCommand.CompleteAsyncExecuteReader(Boolean isInternal, Boolean forDescribeParameterEncryption)\r\n   at Microsoft.Data.SqlClient.SqlCommand.InternalEndExecuteNonQuery(IAsyncResult asyncResult, Boolean isInternal, String endMethod)\r\n   at Microsoft.Data.SqlClient.SqlCommand.EndExecuteNonQueryInternal(IAsyncResult asyncResult)\r\n   at Microsoft.Data.SqlClient.SqlCommand.EndExecuteNonQueryAsync(IAsyncResult asyncResult)\r\n   at Microsoft.Data.SqlClient.SqlCommand.<>c.<InternalExecuteNonQueryAsync>b__210_1(IAsyncResult result)\r\n   at System.Threading.Tasks.TaskFactory`1.FromAsyncCoreLogic(IAsyncResult iar, Func`2 endFunction, Action`1 endAction, Task`1 promise, Boolean requiresSynchronization)\r\n--- End of stack trace from previous location ---\r\n   at Dapper.SqlMapper.ExecuteImplAsync(IDbConnection cnn, CommandDefinition command, Object param) in /_/Dapper/SqlMapper.Async.cs:line 662\r\n   at CH.Api.Common.Repositories.LoggerRepository.AppLogUpsertAsync(AppLogDto appLogDto) in C:\\Users\\AhsanJoyia\\source\\CallbackHub\\src\\CH.Api\\Common\\Repositories\\LoggerRepository.cs:line 39\r\n   at CH.Api.Common.Middlewares.AppLoggingMiddleware.UpsertAppLogs(HttpContext context, Stopwatch stopwatch, Int32 statusCode, String requestBody, String responseBody, Int32 responseSize, String errorStackTrace, ILoggerRepository loggerRepository) in C:\\Users\\AhsanJoyia\\source\\CallbackHub\\src\\CH.Api\\Common\\Middlewares\\AppLoggingMiddleware.cs:line 90\r\n   at CH.Api.Common.Middlewares.AppLoggingMiddleware.Invoke(HttpContext context, ILoggerRepository loggerRepository) in C:\\Users\\AhsanJoyia\\source\\CallbackHub\\src\\CH.Api\\Common\\Middlewares\\AppLoggingMiddleware.cs:line 50","TraceId":"15e68282fae37f592a129df95a2a3333","SpanId":"31776ee26a99a67a","Exception":"Microsoft.Data.SqlClient.SqlException (0x80131904): Could not find stored procedure 'ch_app_log_uppsert'.\r\n   at Microsoft.Data.SqlClient.SqlConnection.OnError(SqlException exception, Boolean breakConnection, Action`1 wrapCloseInAction)\r\n   at Microsoft.Data.SqlClient.SqlInternalConnection.OnError(SqlException exception, Boolean breakConnection, Action`1 wrapCloseInAction)\r\n   at Microsoft.Data.SqlClient.TdsParser.ThrowExceptionAndWarning(TdsParserStateObject stateObj, Boolean callerHasConnectionLock, Boolean asyncClose)\r\n   at Microsoft.Data.SqlClient.TdsParser.TryRun(RunBehavior runBehavior, SqlCommand cmdHandler, SqlDataReader dataStream, BulkCopySimpleResultSet bulkCopyHandler, TdsParserStateObject stateObj, Boolean& dataReady)\r\n   at Microsoft.Data.SqlClient.SqlCommand.FinishExecuteReader(SqlDataReader ds, RunBehavior runBehavior, String resetOptionsString, Boolean isInternal, Boolean forDescribeParameterEncryption, Boolean shouldCacheForAlwaysEncrypted)\r\n   at Microsoft.Data.SqlClient.SqlCommand.CompleteAsyncExecuteReader(Boolean isInternal, Boolean forDescribeParameterEncryption)\r\n   at Microsoft.Data.SqlClient.SqlCommand.InternalEndExecuteNonQuery(IAsyncResult asyncResult, Boolean isInternal, String endMethod)\r\n   at Microsoft.Data.SqlClient.SqlCommand.EndExecuteNonQueryInternal(IAsyncResult asyncResult)\r\n   at Microsoft.Data.SqlClient.SqlCommand.EndExecuteNonQueryAsync(IAsyncResult asyncResult)\r\n   at Microsoft.Data.SqlClient.SqlCommand.<>c.<InternalExecuteNonQueryAsync>b__210_1(IAsyncResult result)\r\n   at System.Threading.Tasks.TaskFactory`1.FromAsyncCoreLogic(IAsyncResult iar, Func`2 endFunction, Action`1 endAction, Task`1 promise, Boolean requiresSynchronization)\r\n--- End of stack trace from previous location ---\r\n   at Dapper.SqlMapper.ExecuteImplAsync(IDbConnection cnn, CommandDefinition command, Object param) in /_/Dapper/SqlMapper.Async.cs:line 662\r\n   at CH.Api.Common.Repositories.LoggerRepository.AppLogUpsertAsync(AppLogDto appLogDto) in C:\\Users\\AhsanJoyia\\source\\CallbackHub\\src\\CH.Api\\Common\\Repositories\\LoggerRepository.cs:line 39\r\n   at CH.Api.Common.Middlewares.AppLoggingMiddleware.UpsertAppLogs(HttpContext context, Stopwatch stopwatch, Int32 statusCode, String requestBody, String responseBody, Int32 responseSize, String errorStackTrace, ILoggerRepository loggerRepository) in C:\\Users\\AhsanJoyia\\source\\CallbackHub\\src\\CH.Api\\Common\\Middlewares\\AppLoggingMiddleware.cs:line 90\r\n   at CH.Api.Common.Middlewares.AppLoggingMiddleware.Invoke(HttpContext context, ILoggerRepository loggerRepository) in C:\\Users\\AhsanJoyia\\source\\CallbackHub\\src\\CH.Api\\Common\\Middlewares\\AppLoggingMiddleware.cs:line 50\r\nClientConnectionId:313399fa-b116-4545-b6f8-2900bd377bcd\r\nError Number:2812,State:62,Class:16","Properties":{"Application":"CallbackHub.Api"}}
{"Timestamp":"2024-01-16T13:08:33.5526181+05:00","Level":"Error","MessageTemplate":"Message: Could not find stored procedure 'ch_app_log_uppsert'., StackTrace:    at Microsoft.Data.SqlClient.SqlConnection.OnError(SqlException exception, Boolean breakConnection, Action`1 wrapCloseInAction)\r\n   at Microsoft.Data.SqlClient.SqlInternalConnection.OnError(SqlException exception, Boolean breakConnection, Action`1 wrapCloseInAction)\r\n   at Microsoft.Data.SqlClient.TdsParser.ThrowExceptionAndWarning(TdsParserStateObject stateObj, Boolean callerHasConnectionLock, Boolean asyncClose)\r\n   at Microsoft.Data.SqlClient.TdsParser.TryRun(RunBehavior runBehavior, SqlCommand cmdHandler, SqlDataReader dataStream, BulkCopySimpleResultSet bulkCopyHandler, TdsParserStateObject stateObj, Boolean& dataReady)\r\n   at Microsoft.Data.SqlClient.SqlCommand.FinishExecuteReader(SqlDataReader ds, RunBehavior runBehavior, String resetOptionsString, Boolean isInternal, Boolean forDescribeParameterEncryption, Boolean shouldCacheForAlwaysEncrypted)\r\n   at Microsoft.Data.SqlClient.SqlCommand.CompleteAsyncExecuteReader(Boolean isInternal, Boolean forDescribeParameterEncryption)\r\n   at Microsoft.Data.SqlClient.SqlCommand.InternalEndExecuteNonQuery(IAsyncResult asyncResult, Boolean isInternal, String endMethod)\r\n   at Microsoft.Data.SqlClient.SqlCommand.EndExecuteNonQueryInternal(IAsyncResult asyncResult)\r\n   at Microsoft.Data.SqlClient.SqlCommand.EndExecuteNonQueryAsync(IAsyncResult asyncResult)\r\n   at Microsoft.Data.SqlClient.SqlCommand.<>c.<InternalExecuteNonQueryAsync>b__210_1(IAsyncResult result)\r\n   at System.Threading.Tasks.TaskFactory`1.FromAsyncCoreLogic(IAsyncResult iar, Func`2 endFunction, Action`1 endAction, Task`1 promise, Boolean requiresSynchronization)\r\n--- End of stack trace from previous location ---\r\n   at Dapper.SqlMapper.ExecuteImplAsync(IDbConnection cnn, CommandDefinition command, Object param) in /_/Dapper/SqlMapper.Async.cs:line 662\r\n   at CH.Api.Common.Repositories.LoggerRepository.AppLogUpsertAsync(AppLogDto appLogDto) in C:\\Users\\AhsanJoyia\\source\\CallbackHub\\src\\CH.Api\\Common\\Repositories\\LoggerRepository.cs:line 40\r\n   at CH.Api.Common.Middlewares.AppLoggingMiddleware.UpsertAppLogs(HttpContext context, Stopwatch stopwatch, Int32 statusCode, String requestBody, String responseBody, Int32 responseSize, String errorStackTrace, ILoggerRepository loggerRepository) in C:\\Users\\AhsanJoyia\\source\\CallbackHub\\src\\CH.Api\\Common\\Middlewares\\AppLoggingMiddleware.cs:line 90\r\n   at CH.Api.Common.Middlewares.AppLoggingMiddleware.Invoke(HttpContext context, ILoggerRepository loggerRepository) in C:\\Users\\AhsanJoyia\\source\\CallbackHub\\src\\CH.Api\\Common\\Middlewares\\AppLoggingMiddleware.cs:line 50","TraceId":"6e7ffa85f98764a7726efaf12774ecc0","SpanId":"0c1d96ce52a3e6ff","Exception":"Microsoft.Data.SqlClient.SqlException (0x80131904): Could not find stored procedure 'ch_app_log_uppsert'.\r\n   at Microsoft.Data.SqlClient.SqlConnection.OnError(SqlException exception, Boolean breakConnection, Action`1 wrapCloseInAction)\r\n   at Microsoft.Data.SqlClient.SqlInternalConnection.OnError(SqlException exception, Boolean breakConnection, Action`1 wrapCloseInAction)\r\n   at Microsoft.Data.SqlClient.TdsParser.ThrowExceptionAndWarning(TdsParserStateObject stateObj, Boolean callerHasConnectionLock, Boolean asyncClose)\r\n   at Microsoft.Data.SqlClient.TdsParser.TryRun(RunBehavior runBehavior, SqlCommand cmdHandler, SqlDataReader dataStream, BulkCopySimpleResultSet bulkCopyHandler, TdsParserStateObject stateObj, Boolean& dataReady)\r\n   at Microsoft.Data.SqlClient.SqlCommand.FinishExecuteReader(SqlDataReader ds, RunBehavior runBehavior, String resetOptionsString, Boolean isInternal, Boolean forDescribeParameterEncryption, Boolean shouldCacheForAlwaysEncrypted)\r\n   at Microsoft.Data.SqlClient.SqlCommand.CompleteAsyncExecuteReader(Boolean isInternal, Boolean forDescribeParameterEncryption)\r\n   at Microsoft.Data.SqlClient.SqlCommand.InternalEndExecuteNonQuery(IAsyncResult asyncResult, Boolean isInternal, String endMethod)\r\n   at Microsoft.Data.SqlClient.SqlCommand.EndExecuteNonQueryInternal(IAsyncResult asyncResult)\r\n   at Microsoft.Data.SqlClient.SqlCommand.EndExecuteNonQueryAsync(IAsyncResult asyncResult)\r\n   at Microsoft.Data.SqlClient.SqlCommand.<>c.<InternalExecuteNonQueryAsync>b__210_1(IAsyncResult result)\r\n   at System.Threading.Tasks.TaskFactory`1.FromAsyncCoreLogic(IAsyncResult iar, Func`2 endFunction, Action`1 endAction, Task`1 promise, Boolean requiresSynchronization)\r\n--- End of stack trace from previous location ---\r\n   at Dapper.SqlMapper.ExecuteImplAsync(IDbConnection cnn, CommandDefinition command, Object param) in /_/Dapper/SqlMapper.Async.cs:line 662\r\n   at CH.Api.Common.Repositories.LoggerRepository.AppLogUpsertAsync(AppLogDto appLogDto) in C:\\Users\\AhsanJoyia\\source\\CallbackHub\\src\\CH.Api\\Common\\Repositories\\LoggerRepository.cs:line 40\r\n   at CH.Api.Common.Middlewares.AppLoggingMiddleware.UpsertAppLogs(HttpContext context, Stopwatch stopwatch, Int32 statusCode, String requestBody, String responseBody, Int32 responseSize, String errorStackTrace, ILoggerRepository loggerRepository) in C:\\Users\\AhsanJoyia\\source\\CallbackHub\\src\\CH.Api\\Common\\Middlewares\\AppLoggingMiddleware.cs:line 90\r\n   at CH.Api.Common.Middlewares.AppLoggingMiddleware.Invoke(HttpContext context, ILoggerRepository loggerRepository) in C:\\Users\\AhsanJoyia\\source\\CallbackHub\\src\\CH.Api\\Common\\Middlewares\\AppLoggingMiddleware.cs:line 50\r\nClientConnectionId:9d6fac91-1a19-419d-ab6e-59786233ff66\r\nError Number:2812,State:62,Class:16","Properties":{"Application":"CallbackHub.Api"}}
