{
  "DatabaseSettings": {
    "DefaultConnection": "Server=100.100.120.210;Database=THWeb;User Id=thwebdev;Password=Eszb5SJzHN;Trusted_Connection=false;MultipleActiveResultSets=True;",
    "DigiTalkConnection": "Server=172.16.120.10;Database=NowMobile;User Id=thpay360user;Password=9xRGd8X6Ma7ZHbrn;Trusted_Connection=false;MultipleActiveResultSets=True;",
    "DigitalkMobileRepConnection": "Server=172.16.120.13;Database=NowMobileRep;User Id=th_web;Password=kXVz2EVqc9jZ;Trusted_Connection=false;MultipleActiveResultSets=True;",
    "PaypalConnection": "Server=100.100.120.210;Database=Paypal;User Id=paypal;Password=9xRGd8X6Ma7ZHbrn;Trusted_Connection=false;MultipleActiveResultSets=True;",
    "THMGeneral": "Server=100.100.120.210;Database=General;User Id=Thmdev;Password=we-can-do-it;Trusted_Connection=false;MultipleActiveResultSets=True;"
  }
}