{
  "Logging": {
    "LogLevel": {
      "Default": "Information",
      "Hangfire": "Warning",
      "Microsoft": "Warning",
      "Microsoft.Hosting.Lifetime": "Information"
    }
  },
  "Serilog": {
    "Using": [],
    "Enrich": [
      "FromLogContext",
      "WithMachineName",
      "WithProcessId",
      "WithThreadId",
      "WithHangfireContext"
    ],
    "MinimumLevel": {
      "Default": "Information",
      "Override": {
        "Hangfire": "Warning",
        "Microsoft": "Error",
        "Microsoft.Hosting.Lifetime": "Information",
        "System": "Information"
      }
    },
    "Properties": {
      "Application": "TalkHomeMobile.Api"
    },
    "WriteTo": [
      {
        "Args": {
          "path": "Logs/logs.json",
          "formatter": "Serilog.Formatting.Json.JsonFormatter, Serilog",
          "rollingInterval": "Day",
          "restrictedToMinimumLevel": "Information",
          "retainedFileCountLimit": null
        },
        "Name": "File"
      }
    ]
  }
}