﻿{
  "Variations": [
    {
      "CountryCodeStartsWith": "a,b,c,d,e,f,g,h,i",
      "MainSection": {
        "Title": "[Country Name] Country Phone Code: [Country Code]",
        "Paragraph": [
          "We want to make sure that staying connected to loved ones in [Country Name] is as easy as possible. So, we’ve put together a guide on how to call [Country Name] for you.",
          "Here is everything you should know about [Country Name] area codes and the localities/regions they serve."
        ]
      },
      "HowToCall": {
        "Title": "How to Call [Country Name]?",
        "Paragraph": "Calling [Country Name] does not have to be complicated. To call [Country Name], follow these three simple steps:",
        "Bullets": [
          "Begin by dialing the exit country code.",
          "Now dial the [Country Name] country code: [Country Code] along with the area code you want to call in.",
          "Lastly, dial the recipient’s number."
        ]
      },
      "DialingInstructions": {
        "Title": "Dialing Instructions",
        "Paragraph": "Follow these dialing instructions to call loved ones.",
        "Bullets": [
          "Dial the International Direct Dialing (IDD) number. Countries have different numbers, or may have more than one IDD, depending on the carrier or type of service.",
          "Dial the Country Code. In some cases, the country code is shared among countries. For example, the United States, Canada, and much of the Caribbean and Guam use country code 1.",
          "Dial the city/area code (if any) for the number you are dialing. Smaller countries may not use city codes or area codes, while larger countries have hundreds of them.",
          "Dial the phone number you are calling."
        ]
      },
      "AreaPhoneCodes": {
        "Title": "Complete List of [Country Name] Area Phone Codes",
        "Paragraph": "Here’s a comprehensive list of all the dialing codes you need to connect with loved ones in [Country Name]."
      },

      "TalkHomeApp": {
        "Title": "Make International Calls to [Country Name] Phone Codes with Talk Home App 📱",
        "Paragraph": [
          "Use Talk Home App to make high-quality cheap international calls to your loved ones in [Country Name].",
          "All the calls made through Talk Home App are optimized over local lines so that you can enjoy crystal-clear voice quality without any distortion or network loss.",
          "Enjoy great value calling bundles for [Country Name] and talk more for less – only with Talk Home App."
        ],
        "Link": "Explore [Country Name] Calling Bundles"
      },
      "CallingCards": {
        "Title": "Call [Country Name] Phone Codes with Talk Home Calling Cards ☎",
        "Paragraph": [
          "You can also make calls to all calling codes in [Country Name] with Talk Home Calling Cards.",
          "Each month, our products help make over 12M international calls. Talk Home Calling Cards are a great choice if you want to make high-quality cheap international calls to [Country Name].",
          "Enjoy flexibility and affordability while connecting with friends and family in [Country Name] with Talk Home Calling Cards."
        ],
        "Link": "Buy Calling Card"
      },
      "TalkHomeAppTopup": {
        "Title": "Send Mobile Top-ups to [Country Name] with Talk Home App 💸",
        "Paragraph": [
          "Your loved ones in [Country Name] want to connect with you.",
          "Send them the gift of a mobile top-up] and spread some love and happiness with Talk Home App.",
          "Reach out and recharge – bring those you care about in [Country Name] closer to you. Top up your loved one’s account now and never lose touch with them only with Talk Home App."
        ],
        "Link": "Send Top-up to [Country Name]"
      },
      "TalkHomeSim": {
        "Title": "Make International Calls to [Country Name] Phone Codes with a Talk Home SIM 📞",
        "Paragraph": [
          "Choose the Talk Home Mobile international plans and pay less for your calls to [Country Name].",
          "Our network is powered by EE, which has the widest network coverage across the UK. Enjoy cheap minutes and SMS along with enhanced 5G connectivity without any distortions, daily caps, or throttling."
        ],
        "Link": "Buy SIM Card",
        "Link2": "Explore International Plans"
      }
    },
    {
      "CountryCodeStartsWith": "j,k,l,m,n,o,p,q,r",
      "MainSection": {
        "Title": "[Country Name] Country Phone Code: [Country Code]",
        "Paragraph": [
          "At Talk Home, we understand the importance of staying connected to loved ones, no matter where they are. That's why we've created a comprehensive guide on how to call [Country Name] with ease.",
          "Whether you're calling a friend, family member, or a business associate, we've got you covered with all the information you need on [Country Name] area codes and the regions they serve. So, make the most of your international calls and make cheap calls to [Country Name]."
        ]
      },
      "HowToCall": {
        "Title": "How to Call [Country Name]?",
        "Paragraph": "Calling [Country Name] does not have to be complicated. To call [Country Name], follow these three simple steps:",
        "Bullets": [
          "Start by dialing the exit country code.",
          "Now dial the [Country Name] country code: [Country Code] along with the area code you want to call in.",
          "Lastly, dial the recipient’s number."
        ]
      },
      "DialingInstructions": {
        "Title": "Dialing Instructions",
        "Paragraph": "Follow these dialing steps to make cheap international call to landline/mobile number.",
        "Bullets": [
          "Start by dialing the International Direct Dialing (IDD) number. Different countries have different IDD numbers depending on the carrier provider.",
          "Now dial the Country Code. More than two countries can have the same code. For example, Canada, USA, and much of the Caribbean and Guam use country code 1.",
          "Dial the city/area code (if any) for the number you are dialing. Smaller countries may not use city codes or area codes, while larger countries have hundreds of them.",
          "Lastly, dial the phone number you are calling."
        ]
      },
      "AreaPhoneCodes": {
        "Title": "Complete List of [Country Name] Area Phone Codes",
        "Paragraph": "Here’s a comprehensive list of all the dialing codes you need to connect with loved ones in [Country Name]."
      },

      "TalkHomeApp": {
        "Title": "Make International Calls to [Country Name] Phone Codes with Talk Home App 📱",
        "Paragraph": [
          "Looking for ways to make cheap international call to loved ones in [Country Name].",
          "With Talk Home App, enjoy crystal-clear international calls at unbeatable rates that are optimized over local lines.",
          "Plus, with our great value calling bundles for [Country Name], you can talk more for less and stay connected with your loved ones without breaking the bank. Don't let distance keep you apart and enjoy affordable international calls like never before!"
        ],
        "Link": "Explore [Country Name] Calling Bundles"
      },
      "CallingCards": {
        "Title": "Call [Country Name] Phone Codes with Talk Home Calling Cards ☎",
        "Paragraph": [
          "Connect with loved ones in [Country Name] at cheapest rates with Talk Home Calling Cards.",
          "With our reliable and affordable calling cards, you can make high-quality, low-cost international calls to all calling codes in [Country Name].",
          "Our products help make over 12 million international calls each month, so you can trust us to keep you connected with those who matter most. Whether you're looking for flexibility, affordability, or crystal-clear voice quality, Talk Home Calling Cards have got you covered. So why wait? Start enjoying hassle-free international calls today with Talk Home Calling Cards!"
        ],
        "Link": "Buy Calling Card "
      },
      "TalkHomeAppTopup": {
        "Title": "Send Mobile Top-ups to [Country Name] with Talk Home App 💸  ",
        "Paragraph": [
          "Are you missing your loved ones in [Country Name]? ",
          "Keep in touch and show them you care by sending them a thoughtful gift - a mobile top-up! ",
          "With the Talk Home App, you can easily recharge their account and stay connected with them no matter the distance. Spread joy and happiness by bringing your loved ones closer to you. Don't let distance keep you apart - top up their mobile now and stay connected with Talk Home App."
        ],
        "Link": "Send Top-up to [Country Name]"
      },
      "TalkHomeSim": {
        "Title": "Make International Calls to [Country Name] Phone Codes with a Talk Home SIM 📞",
        "Paragraph": [
          "Talk Home Mobile international plans offers high-quality, low-cost international calls to [Country Name].",
          "We’re powered by EE, which has the widest network coverage across the UK. Order your free SIM card & enjoy non-stop 5G data, mins & SMS without any contract or long-term commitments."
        ],
        "Link": "Buy SIM Card",
        "Link2": "Explore International Plans"
      }
    },
    {
      "CountryCodeStartsWith": "s,t,u,v,w,x,y,z",
      "MainSection": {
        "Title": "[Country Name] Country Phone Code: [Country Code]",
        "Paragraph": [
          "In this fast-paced world, staying connected with our loved ones who live far away is essential. That's why we've put together a comprehensive guide on how to call [Country Name] with ease.",
          "No matter who you're calling, whether it's an old friend, family member, or a business contact, we've got you covered about everything you need on [Country Name] area codes and the regions they cover. With this guide, you'll be able to make the most of your international calls and stay in touch with your dear ones without breaking the bank."
        ]
      },
      "HowToCall": {
        "Title": "How to Call [Country Name]?",
        "Paragraph": "Calling [Country Name] does not have to be complicated. To make an international call to [Country Name], follow these three simply steps:",
        "Bullets": [
          "First, dial the exit country code from your phone.",
          "Next, enter [Country Code] along with the area code you want to call in. ",
          "Finally, dial the recipient’s number.  "
        ]
      },
      "DialingInstructions": {
        "Title": "Dialing Instructions",
        "Paragraph": "Making an international call to any landline or mobile number can be easy and affordable if you follow these simple steps:",
        "Bullets": [
          "Dial the International Direct Dialing (IDD) number for your country. This number varies depending on your carrier provider, so be sure to look it up before you make your call.",
          "Enter the Country Code for the country you wish to call. Remember, some countries share the same code, so make sure you're dialing the correct one.",
          "If the number you're calling is in a specific city or area, dial the city/area code. Not all countries use city or area codes, so check before you dial.",
          "Finally, dial the phone number you wish to call and wait for the connection."
        ]
      },
      "AreaPhoneCodes": {
        "Title": "Complete List of [Country Name] Area Phone Codes",
        "Paragraph": "Here’s a comprehensive list of all the dialing codes you need to connect with loved ones in [Country Name]."
      },
      "TalkHomeApp": {
        "Title": "Make International Calls to [Country Name] Phone Codes with Talk Home App 📱",
        "Paragraph": [
          "Tired of paying high rates for international calls to your loved ones in [Country Name]?",
          "Stay connected with Talk Home App for cheap, crystal-clear and reliable international calls. All our calls are optimized over local lines to provide seamless communication experience.",
          "And there’s more? Our great value calling bundles for [Country Name] allows you to talk more for less. Stay connected with your family and friends without worrying about expensive phone bills. With Talk Home App, you can bridge the distance and enjoy affordable international calls like never before!"
        ],
        "Link": "Explore [Country Name] Calling Bundles"
      },
      "CallingCards": {
        "Title": "Call [Country Name] Phone Codes with Talk Home Calling Cards ☎",
        "Paragraph": [
          "Make cheap international calls to loved ones in [Country Name] with Talk Home Calling Cards.",
          "With our reliable and affordable calling cards, you can make high-quality, low-cost international calls to all calling codes in [Country Name]. ",
          "Whether you're looking for flexibility, affordability, or crystal-clear voice quality, Talk Home Calling Cards have got you covered. So why wait? Start enjoying hassle-free international calls today with Talk Home Calling Cards!"
        ],
        "Link": "Buy Calling Card "
      },
      "TalkHomeAppTopup": {
        "Title": "Send Mobile Top-ups to [Country Name] with Talk Home App 💸",
        "Paragraph": [
          "Make your loved ones in [Country Name] smile by sending the gift of mobile top-up with Talk Home App.",
          "You can easily recharge their account and stay connected with them no matter the distance. Spread joy and happiness by bringing your loved ones closer to you.",
          "Don't let distance keep you apart - top up their mobile now and stay connected with Talk Home App."
        ],
        "Link": "Send Top-up to [Country Name]"
      },
      "TalkHomeSim": {
        "Title": "Make International Calls to [Country Name] Phone Codes with a Talk Home SIM 📞",
        "Paragraph": [
          "Talk Home Mobile international plans offers great value calls to [Country Name].",
          "Powered by EE, which has the widest network coverage across the UK, you stay connected anywhere, anytime with Talk Home Mobile. Order your free SIM card & go beyond limits with our amazingly cheap 5G data, mins & SMS without any contract or long-term commitments."
        ],
        "Link": "Buy SIM Card",
        "Link2": "Explore International Plans"
      }
    }
  ]
}