{"Timestamp":"2023-08-08T23:48:14.4820983+05:00","Level":"Error","MessageTemplate":"An unhandled exception has occurred while executing the request.","Exception":"System.InvalidOperationException: An action cannot use both form and JSON body parameters.\r\nBelow is the list of parameters that we found: \r\n\r\nParameter           | Source                        \r\n---------------------------------------------------------------------------------\r\nloginHandler        | Services (Inferred)\r\nrequest             | Body (Attribute)\r\nProfilePhoto        | Form File (Inferred)\r\n\r\n   at Microsoft.AspNetCore.Http.RequestDelegateFactory.CreateArguments(ParameterInfo[] parameters, RequestDelegateFactoryContext factoryContext)\r\n   at Microsoft.AspNetCore.Http.RequestDelegateFactory.CreateArgumentsAndInferMetadata(MethodInfo methodInfo, RequestDelegateFactoryContext factoryContext)\r\n   at Microsoft.AspNetCore.Http.RequestDelegateFactory.InferMetadata(MethodInfo methodInfo, RequestDelegateFactoryOptions options)\r\n   at Microsoft.AspNetCore.Routing.RouteEndpointDataSource.CreateRouteEndpointBuilder(RouteEntry entry, RoutePattern groupPrefix, IReadOnlyList`1 groupConventions, IReadOnlyList`1 groupFinallyConventions)\r\n   at Microsoft.AspNetCore.Routing.RouteEndpointDataSource.GetGroupedEndpoints(RouteGroupContext context)\r\n   at Microsoft.AspNetCore.Routing.RouteGroupBuilder.GroupEndpointDataSource.GetGroupedEndpointsWithNullablePrefix(RoutePattern prefix, IReadOnlyList`1 conventions, IReadOnlyList`1 finallyConventions, IServiceProvider applicationServices)\r\n   at Microsoft.AspNetCore.Routing.RouteGroupBuilder.GroupEndpointDataSource.get_Endpoints()\r\n   at Microsoft.AspNetCore.Routing.CompositeEndpointDataSource.CreateEndpointsUnsynchronized()\r\n   at Microsoft.AspNetCore.Routing.CompositeEndpointDataSource.EnsureEndpointsInitialized()\r\n   at Microsoft.AspNetCore.Routing.CompositeEndpointDataSource.get_Endpoints()\r\n   at Microsoft.AspNetCore.Routing.DataSourceDependentCache`1.Initialize()\r\n   at System.Threading.LazyInitializer.EnsureInitializedCore[T](T& target, Boolean& initialized, Object& syncLock, Func`1 valueFactory)\r\n   at Microsoft.AspNetCore.Routing.Matching.DataSourceDependentMatcher..ctor(EndpointDataSource dataSource, Lifetime lifetime, Func`1 matcherBuilderFactory)\r\n   at Microsoft.AspNetCore.Routing.Matching.DfaMatcherFactory.CreateMatcher(EndpointDataSource dataSource)\r\n   at Microsoft.AspNetCore.Routing.EndpointRoutingMiddleware.InitializeCoreAsync()\r\n--- End of stack trace from previous location ---\r\n   at Microsoft.AspNetCore.Routing.EndpointRoutingMiddleware.<Invoke>g__AwaitMatcher|10_0(EndpointRoutingMiddleware middleware, HttpContext httpContext, Task`1 matcherTask)\r\n   at Microsoft.AspNetCore.Diagnostics.DeveloperExceptionPageMiddlewareImpl.Invoke(HttpContext context)","Properties":{"EventId":{"Id":1,"Name":"UnhandledException"},"SourceContext":"Microsoft.AspNetCore.Diagnostics.DeveloperExceptionPageMiddleware","RequestId":"0HMSO802I3RFF:00000001","RequestPath":"/swagger/index.html","ConnectionId":"0HMSO802I3RFF","Application":"Effortless.Api"}}
{"Timestamp":"2023-08-08T23:48:16.0482511+05:00","Level":"Error","MessageTemplate":"An unhandled exception has occurred while executing the request.","Exception":"System.InvalidOperationException: An action cannot use both form and JSON body parameters.\r\nBelow is the list of parameters that we found: \r\n\r\nParameter           | Source                        \r\n---------------------------------------------------------------------------------\r\nloginHandler        | Services (Inferred)\r\nrequest             | Body (Attribute)\r\nProfilePhoto        | Form File (Inferred)\r\n\r\n   at Microsoft.AspNetCore.Http.RequestDelegateFactory.CreateArguments(ParameterInfo[] parameters, RequestDelegateFactoryContext factoryContext)\r\n   at Microsoft.AspNetCore.Http.RequestDelegateFactory.CreateArgumentsAndInferMetadata(MethodInfo methodInfo, RequestDelegateFactoryContext factoryContext)\r\n   at Microsoft.AspNetCore.Http.RequestDelegateFactory.InferMetadata(MethodInfo methodInfo, RequestDelegateFactoryOptions options)\r\n   at Microsoft.AspNetCore.Routing.RouteEndpointDataSource.CreateRouteEndpointBuilder(RouteEntry entry, RoutePattern groupPrefix, IReadOnlyList`1 groupConventions, IReadOnlyList`1 groupFinallyConventions)\r\n   at Microsoft.AspNetCore.Routing.RouteEndpointDataSource.GetGroupedEndpoints(RouteGroupContext context)\r\n   at Microsoft.AspNetCore.Routing.RouteGroupBuilder.GroupEndpointDataSource.GetGroupedEndpointsWithNullablePrefix(RoutePattern prefix, IReadOnlyList`1 conventions, IReadOnlyList`1 finallyConventions, IServiceProvider applicationServices)\r\n   at Microsoft.AspNetCore.Routing.RouteGroupBuilder.GroupEndpointDataSource.get_Endpoints()\r\n   at Microsoft.AspNetCore.Routing.CompositeEndpointDataSource.CreateEndpointsUnsynchronized()\r\n   at Microsoft.AspNetCore.Routing.CompositeEndpointDataSource.EnsureEndpointsInitialized()\r\n   at Microsoft.AspNetCore.Routing.CompositeEndpointDataSource.get_Endpoints()\r\n   at Microsoft.AspNetCore.Routing.DataSourceDependentCache`1.Initialize()\r\n   at System.Threading.LazyInitializer.EnsureInitializedCore[T](T& target, Boolean& initialized, Object& syncLock, Func`1 valueFactory)\r\n   at Microsoft.AspNetCore.Routing.Matching.DataSourceDependentMatcher..ctor(EndpointDataSource dataSource, Lifetime lifetime, Func`1 matcherBuilderFactory)\r\n   at Microsoft.AspNetCore.Routing.Matching.DfaMatcherFactory.CreateMatcher(EndpointDataSource dataSource)\r\n   at Microsoft.AspNetCore.Routing.EndpointRoutingMiddleware.InitializeCoreAsync()\r\n--- End of stack trace from previous location ---\r\n   at Microsoft.AspNetCore.Routing.EndpointRoutingMiddleware.<Invoke>g__AwaitMatcher|10_0(EndpointRoutingMiddleware middleware, HttpContext httpContext, Task`1 matcherTask)\r\n   at Microsoft.AspNetCore.Diagnostics.DeveloperExceptionPageMiddlewareImpl.Invoke(HttpContext context)","Properties":{"EventId":{"Id":1,"Name":"UnhandledException"},"SourceContext":"Microsoft.AspNetCore.Diagnostics.DeveloperExceptionPageMiddleware","RequestId":"0HMSO802I3RFF:00000007","RequestPath":"/favicon.ico","ConnectionId":"0HMSO802I3RFF","Application":"Effortless.Api"}}
{"Timestamp":"2023-08-08T23:51:58.2973624+05:00","Level":"Error","MessageTemplate":"An unhandled exception has occurred while executing the request.","Exception":"System.InvalidOperationException: An action cannot use both form and JSON body parameters.\r\nBelow is the list of parameters that we found: \r\n\r\nParameter           | Source                        \r\n---------------------------------------------------------------------------------\r\nloginHandler        | Services (Inferred)\r\nrequest             | Body (Attribute)\r\nProfilePhoto        | Form File (Attribute)\r\n\r\n   at Microsoft.AspNetCore.Http.RequestDelegateFactory.CreateArguments(ParameterInfo[] parameters, RequestDelegateFactoryContext factoryContext)\r\n   at Microsoft.AspNetCore.Http.RequestDelegateFactory.CreateArgumentsAndInferMetadata(MethodInfo methodInfo, RequestDelegateFactoryContext factoryContext)\r\n   at Microsoft.AspNetCore.Http.RequestDelegateFactory.InferMetadata(MethodInfo methodInfo, RequestDelegateFactoryOptions options)\r\n   at Microsoft.AspNetCore.Routing.RouteEndpointDataSource.CreateRouteEndpointBuilder(RouteEntry entry, RoutePattern groupPrefix, IReadOnlyList`1 groupConventions, IReadOnlyList`1 groupFinallyConventions)\r\n   at Microsoft.AspNetCore.Routing.RouteEndpointDataSource.GetGroupedEndpoints(RouteGroupContext context)\r\n   at Microsoft.AspNetCore.Routing.RouteGroupBuilder.GroupEndpointDataSource.GetGroupedEndpointsWithNullablePrefix(RoutePattern prefix, IReadOnlyList`1 conventions, IReadOnlyList`1 finallyConventions, IServiceProvider applicationServices)\r\n   at Microsoft.AspNetCore.Routing.RouteGroupBuilder.GroupEndpointDataSource.get_Endpoints()\r\n   at Microsoft.AspNetCore.Routing.CompositeEndpointDataSource.CreateEndpointsUnsynchronized()\r\n   at Microsoft.AspNetCore.Routing.CompositeEndpointDataSource.EnsureEndpointsInitialized()\r\n   at Microsoft.AspNetCore.Routing.CompositeEndpointDataSource.get_Endpoints()\r\n   at Microsoft.AspNetCore.Routing.DataSourceDependentCache`1.Initialize()\r\n   at System.Threading.LazyInitializer.EnsureInitializedCore[T](T& target, Boolean& initialized, Object& syncLock, Func`1 valueFactory)\r\n   at Microsoft.AspNetCore.Routing.Matching.DataSourceDependentMatcher..ctor(EndpointDataSource dataSource, Lifetime lifetime, Func`1 matcherBuilderFactory)\r\n   at Microsoft.AspNetCore.Routing.Matching.DfaMatcherFactory.CreateMatcher(EndpointDataSource dataSource)\r\n   at Microsoft.AspNetCore.Routing.EndpointRoutingMiddleware.InitializeCoreAsync()\r\n--- End of stack trace from previous location ---\r\n   at Microsoft.AspNetCore.Routing.EndpointRoutingMiddleware.<Invoke>g__AwaitMatcher|10_0(EndpointRoutingMiddleware middleware, HttpContext httpContext, Task`1 matcherTask)\r\n   at Microsoft.AspNetCore.Diagnostics.DeveloperExceptionPageMiddlewareImpl.Invoke(HttpContext context)","Properties":{"EventId":{"Id":1,"Name":"UnhandledException"},"SourceContext":"Microsoft.AspNetCore.Diagnostics.DeveloperExceptionPageMiddleware","RequestId":"0HMSO8257TD9V:00000001","RequestPath":"/swagger/index.html","ConnectionId":"0HMSO8257TD9V","Application":"Effortless.Api"}}
{"Timestamp":"2023-08-08T23:51:59.4611632+05:00","Level":"Error","MessageTemplate":"An unhandled exception has occurred while executing the request.","Exception":"System.InvalidOperationException: An action cannot use both form and JSON body parameters.\r\nBelow is the list of parameters that we found: \r\n\r\nParameter           | Source                        \r\n---------------------------------------------------------------------------------\r\nloginHandler        | Services (Inferred)\r\nrequest             | Body (Attribute)\r\nProfilePhoto        | Form File (Attribute)\r\n\r\n   at Microsoft.AspNetCore.Http.RequestDelegateFactory.CreateArguments(ParameterInfo[] parameters, RequestDelegateFactoryContext factoryContext)\r\n   at Microsoft.AspNetCore.Http.RequestDelegateFactory.CreateArgumentsAndInferMetadata(MethodInfo methodInfo, RequestDelegateFactoryContext factoryContext)\r\n   at Microsoft.AspNetCore.Http.RequestDelegateFactory.InferMetadata(MethodInfo methodInfo, RequestDelegateFactoryOptions options)\r\n   at Microsoft.AspNetCore.Routing.RouteEndpointDataSource.CreateRouteEndpointBuilder(RouteEntry entry, RoutePattern groupPrefix, IReadOnlyList`1 groupConventions, IReadOnlyList`1 groupFinallyConventions)\r\n   at Microsoft.AspNetCore.Routing.RouteEndpointDataSource.GetGroupedEndpoints(RouteGroupContext context)\r\n   at Microsoft.AspNetCore.Routing.RouteGroupBuilder.GroupEndpointDataSource.GetGroupedEndpointsWithNullablePrefix(RoutePattern prefix, IReadOnlyList`1 conventions, IReadOnlyList`1 finallyConventions, IServiceProvider applicationServices)\r\n   at Microsoft.AspNetCore.Routing.RouteGroupBuilder.GroupEndpointDataSource.get_Endpoints()\r\n   at Microsoft.AspNetCore.Routing.CompositeEndpointDataSource.CreateEndpointsUnsynchronized()\r\n   at Microsoft.AspNetCore.Routing.CompositeEndpointDataSource.EnsureEndpointsInitialized()\r\n   at Microsoft.AspNetCore.Routing.CompositeEndpointDataSource.get_Endpoints()\r\n   at Microsoft.AspNetCore.Routing.DataSourceDependentCache`1.Initialize()\r\n   at System.Threading.LazyInitializer.EnsureInitializedCore[T](T& target, Boolean& initialized, Object& syncLock, Func`1 valueFactory)\r\n   at Microsoft.AspNetCore.Routing.Matching.DataSourceDependentMatcher..ctor(EndpointDataSource dataSource, Lifetime lifetime, Func`1 matcherBuilderFactory)\r\n   at Microsoft.AspNetCore.Routing.Matching.DfaMatcherFactory.CreateMatcher(EndpointDataSource dataSource)\r\n   at Microsoft.AspNetCore.Routing.EndpointRoutingMiddleware.InitializeCoreAsync()\r\n--- End of stack trace from previous location ---\r\n   at Microsoft.AspNetCore.Routing.EndpointRoutingMiddleware.<Invoke>g__AwaitMatcher|10_0(EndpointRoutingMiddleware middleware, HttpContext httpContext, Task`1 matcherTask)\r\n   at Microsoft.AspNetCore.Diagnostics.DeveloperExceptionPageMiddlewareImpl.Invoke(HttpContext context)","Properties":{"EventId":{"Id":1,"Name":"UnhandledException"},"SourceContext":"Microsoft.AspNetCore.Diagnostics.DeveloperExceptionPageMiddleware","RequestId":"0HMSO8257TD9V:00000007","RequestPath":"/favicon.ico","ConnectionId":"0HMSO8257TD9V","Application":"Effortless.Api"}}
{"Timestamp":"2023-08-08T23:57:28.7737594+05:00","Level":"Error","MessageTemplate":"An unhandled exception has occurred while executing the request.","Exception":"System.InvalidOperationException: An action cannot use both form and JSON body parameters.\r\nBelow is the list of parameters that we found: \r\n\r\nParameter           | Source                        \r\n---------------------------------------------------------------------------------\r\nloginHandler        | Services (Inferred)\r\nrequest             | Body (Attribute)\r\nProfilePhoto        | Form File (Inferred)\r\n\r\n   at Microsoft.AspNetCore.Http.RequestDelegateFactory.CreateArguments(ParameterInfo[] parameters, RequestDelegateFactoryContext factoryContext)\r\n   at Microsoft.AspNetCore.Http.RequestDelegateFactory.CreateArgumentsAndInferMetadata(MethodInfo methodInfo, RequestDelegateFactoryContext factoryContext)\r\n   at Microsoft.AspNetCore.Http.RequestDelegateFactory.InferMetadata(MethodInfo methodInfo, RequestDelegateFactoryOptions options)\r\n   at Microsoft.AspNetCore.Routing.RouteEndpointDataSource.CreateRouteEndpointBuilder(RouteEntry entry, RoutePattern groupPrefix, IReadOnlyList`1 groupConventions, IReadOnlyList`1 groupFinallyConventions)\r\n   at Microsoft.AspNetCore.Routing.RouteEndpointDataSource.GetGroupedEndpoints(RouteGroupContext context)\r\n   at Microsoft.AspNetCore.Routing.RouteGroupBuilder.GroupEndpointDataSource.GetGroupedEndpointsWithNullablePrefix(RoutePattern prefix, IReadOnlyList`1 conventions, IReadOnlyList`1 finallyConventions, IServiceProvider applicationServices)\r\n   at Microsoft.AspNetCore.Routing.RouteGroupBuilder.GroupEndpointDataSource.get_Endpoints()\r\n   at Microsoft.AspNetCore.Routing.CompositeEndpointDataSource.CreateEndpointsUnsynchronized()\r\n   at Microsoft.AspNetCore.Routing.CompositeEndpointDataSource.EnsureEndpointsInitialized()\r\n   at Microsoft.AspNetCore.Routing.CompositeEndpointDataSource.get_Endpoints()\r\n   at Microsoft.AspNetCore.Routing.DataSourceDependentCache`1.Initialize()\r\n   at System.Threading.LazyInitializer.EnsureInitializedCore[T](T& target, Boolean& initialized, Object& syncLock, Func`1 valueFactory)\r\n   at Microsoft.AspNetCore.Routing.Matching.DataSourceDependentMatcher..ctor(EndpointDataSource dataSource, Lifetime lifetime, Func`1 matcherBuilderFactory)\r\n   at Microsoft.AspNetCore.Routing.Matching.DfaMatcherFactory.CreateMatcher(EndpointDataSource dataSource)\r\n   at Microsoft.AspNetCore.Routing.EndpointRoutingMiddleware.InitializeCoreAsync()\r\n--- End of stack trace from previous location ---\r\n   at Microsoft.AspNetCore.Routing.EndpointRoutingMiddleware.<Invoke>g__AwaitMatcher|10_0(EndpointRoutingMiddleware middleware, HttpContext httpContext, Task`1 matcherTask)\r\n   at Microsoft.AspNetCore.Diagnostics.DeveloperExceptionPageMiddlewareImpl.Invoke(HttpContext context)","Properties":{"EventId":{"Id":1,"Name":"UnhandledException"},"SourceContext":"Microsoft.AspNetCore.Diagnostics.DeveloperExceptionPageMiddleware","RequestId":"0HMSO857MNNPD:00000001","RequestPath":"/swagger/index.html","ConnectionId":"0HMSO857MNNPD","Application":"Effortless.Api"}}
{"Timestamp":"2023-08-08T23:57:30.4533675+05:00","Level":"Error","MessageTemplate":"An unhandled exception has occurred while executing the request.","Exception":"System.InvalidOperationException: An action cannot use both form and JSON body parameters.\r\nBelow is the list of parameters that we found: \r\n\r\nParameter           | Source                        \r\n---------------------------------------------------------------------------------\r\nloginHandler        | Services (Inferred)\r\nrequest             | Body (Attribute)\r\nProfilePhoto        | Form File (Inferred)\r\n\r\n   at Microsoft.AspNetCore.Http.RequestDelegateFactory.CreateArguments(ParameterInfo[] parameters, RequestDelegateFactoryContext factoryContext)\r\n   at Microsoft.AspNetCore.Http.RequestDelegateFactory.CreateArgumentsAndInferMetadata(MethodInfo methodInfo, RequestDelegateFactoryContext factoryContext)\r\n   at Microsoft.AspNetCore.Http.RequestDelegateFactory.InferMetadata(MethodInfo methodInfo, RequestDelegateFactoryOptions options)\r\n   at Microsoft.AspNetCore.Routing.RouteEndpointDataSource.CreateRouteEndpointBuilder(RouteEntry entry, RoutePattern groupPrefix, IReadOnlyList`1 groupConventions, IReadOnlyList`1 groupFinallyConventions)\r\n   at Microsoft.AspNetCore.Routing.RouteEndpointDataSource.GetGroupedEndpoints(RouteGroupContext context)\r\n   at Microsoft.AspNetCore.Routing.RouteGroupBuilder.GroupEndpointDataSource.GetGroupedEndpointsWithNullablePrefix(RoutePattern prefix, IReadOnlyList`1 conventions, IReadOnlyList`1 finallyConventions, IServiceProvider applicationServices)\r\n   at Microsoft.AspNetCore.Routing.RouteGroupBuilder.GroupEndpointDataSource.get_Endpoints()\r\n   at Microsoft.AspNetCore.Routing.CompositeEndpointDataSource.CreateEndpointsUnsynchronized()\r\n   at Microsoft.AspNetCore.Routing.CompositeEndpointDataSource.EnsureEndpointsInitialized()\r\n   at Microsoft.AspNetCore.Routing.CompositeEndpointDataSource.get_Endpoints()\r\n   at Microsoft.AspNetCore.Routing.DataSourceDependentCache`1.Initialize()\r\n   at System.Threading.LazyInitializer.EnsureInitializedCore[T](T& target, Boolean& initialized, Object& syncLock, Func`1 valueFactory)\r\n   at Microsoft.AspNetCore.Routing.Matching.DataSourceDependentMatcher..ctor(EndpointDataSource dataSource, Lifetime lifetime, Func`1 matcherBuilderFactory)\r\n   at Microsoft.AspNetCore.Routing.Matching.DfaMatcherFactory.CreateMatcher(EndpointDataSource dataSource)\r\n   at Microsoft.AspNetCore.Routing.EndpointRoutingMiddleware.InitializeCoreAsync()\r\n--- End of stack trace from previous location ---\r\n   at Microsoft.AspNetCore.Routing.EndpointRoutingMiddleware.<Invoke>g__AwaitMatcher|10_0(EndpointRoutingMiddleware middleware, HttpContext httpContext, Task`1 matcherTask)\r\n   at Microsoft.AspNetCore.Diagnostics.DeveloperExceptionPageMiddlewareImpl.Invoke(HttpContext context)","Properties":{"EventId":{"Id":1,"Name":"UnhandledException"},"SourceContext":"Microsoft.AspNetCore.Diagnostics.DeveloperExceptionPageMiddleware","RequestId":"0HMSO857MNNPD:00000007","RequestPath":"/favicon.ico","ConnectionId":"0HMSO857MNNPD","Application":"Effortless.Api"}}
