{"Timestamp":"2023-08-06T01:56:20.1578916+05:00","Level":"Error","MessageTemplate":"An unhandled exception has occurred while executing the request.","Exception":"Microsoft.IdentityModel.Tokens.SecurityTokenExpiredException: IDX10223: Lifetime validation failed. The token is expired. ValidTo: '8/5/2023 8:51:24 PM', Current time: '8/5/2023 8:56:14 PM'.\r\n   at Microsoft.IdentityModel.Tokens.Validators.ValidateLifetime(Nullable`1 notBefore, Nullable`1 expires, SecurityToken securityToken, TokenValidationParameters validationParameters)\r\n   at System.IdentityModel.Tokens.Jwt.JwtSecurityTokenHandler.ValidateLifetime(Nullable`1 notBefore, Nullable`1 expires, JwtSecurityToken jwtToken, TokenValidationParameters validationParameters)\r\n   at System.IdentityModel.Tokens.Jwt.JwtSecurityTokenHandler.ValidateTokenPayload(JwtSecurityToken jwtToken, TokenValidationParameters validationParameters, BaseConfiguration configuration)\r\n   at System.IdentityModel.Tokens.Jwt.JwtSecurityTokenHandler.ValidateJWS(String token, TokenValidationParameters validationParameters, BaseConfiguration currentConfiguration, SecurityToken& signatureValidatedToken, ExceptionDispatchInfo& exceptionThrown)\r\n--- End of stack trace from previous location ---\r\n   at System.IdentityModel.Tokens.Jwt.JwtSecurityTokenHandler.ValidateToken(String token, JwtSecurityToken outerToken, TokenValidationParameters validationParameters, SecurityToken& signatureValidatedToken)\r\n   at System.IdentityModel.Tokens.Jwt.JwtSecurityTokenHandler.ValidateToken(String token, TokenValidationParameters validationParameters, SecurityToken& validatedToken)\r\n   at Effortless.Core.Services.Jwt.JwtService.GetPrincipalFromExpiredToken(String token) in D:\\Innovators Brains\\Effortless\\src\\Effortless.Core\\Services\\Jwt\\JwtService.cs:line 57\r\n   at Effortless.Api.Features.Auth.Token.TokenHandler.RenewTokensAsync(RefreshTokenRequest request) in D:\\Innovators Brains\\Effortless\\src\\Effortless.Api\\Features\\Auth\\Token\\TokenHandler.cs:line 32\r\n   at Effortless.Api.Features.Auth.AuthEndpoints.RefreshToken(ITokenHandler tokenHandler, RefreshTokenRequest request) in D:\\Innovators Brains\\Effortless\\src\\Effortless.Api\\Features\\Auth\\AuthEndpoints.cs:line 106\r\n   at Microsoft.AspNetCore.Http.RequestDelegateFactory.<TaskOfTToValueTaskOfObject>g__ExecuteAwaited|90_0[T](Task`1 task)\r\n   at Effortless.Core.Filters.FluentValidationFilter`1.InvokeAsync(EndpointFilterInvocationContext context, EndpointFilterDelegate next) in D:\\Innovators Brains\\Effortless\\src\\Effortless.Core\\Filters\\FluentValidationFilter.cs:line 44\r\n   at Microsoft.AspNetCore.Http.RequestDelegateFactory.<ExecuteValueTaskOfObject>g__ExecuteAwaited|124_0(ValueTask`1 valueTask, HttpContext httpContext, JsonTypeInfo`1 jsonTypeInfo)\r\n   at Microsoft.AspNetCore.Http.RequestDelegateFactory.<>c__DisplayClass100_2.<<HandleRequestBodyAndCompileRequestDelegateForJson>b__2>d.MoveNext()\r\n--- End of stack trace from previous location ---\r\n   at Microsoft.AspNetCore.Authorization.AuthorizationMiddleware.Invoke(HttpContext context)\r\n   at Microsoft.AspNetCore.Authentication.AuthenticationMiddleware.Invoke(HttpContext context)\r\n   at Swashbuckle.AspNetCore.SwaggerUI.SwaggerUIMiddleware.Invoke(HttpContext httpContext)\r\n   at Swashbuckle.AspNetCore.Swagger.SwaggerMiddleware.Invoke(HttpContext httpContext, ISwaggerProvider swaggerProvider)\r\n   at Microsoft.AspNetCore.Diagnostics.DeveloperExceptionPageMiddlewareImpl.Invoke(HttpContext context)","Properties":{"EventId":{"Id":1,"Name":"UnhandledException"},"SourceContext":"Microsoft.AspNetCore.Diagnostics.DeveloperExceptionPageMiddleware","RequestId":"0HMSLUPEHMADG:00000009","RequestPath":"/api/auth/token/refresh","ConnectionId":"0HMSLUPEHMADG","Application":"Effortless.Api"}}
{"Timestamp":"2023-08-06T13:32:24.6664890+05:00","Level":"Error","MessageTemplate":"An unhandled exception has occurred while executing the request.","Exception":"System.InvalidOperationException: No converter registered for type 'Effortless.Api.Features.Auth.Login.Requests.LoginRequest'.\r\n   at Microsoft.AspNetCore.Components.Endpoints.Binding.FormDataMapperOptions.CreateConverter(Type type, FormDataMapperOptions options)\r\n   at System.Collections.Concurrent.ConcurrentDictionary`2.GetOrAdd[TArg](TKey key, Func`3 valueFactory, TArg factoryArgument)\r\n   at Microsoft.AspNetCore.Components.Endpoints.Binding.FormDataMapperOptions.ResolveConverter[T]()\r\n   at lambda_method21(Closure, Object, HttpContext, Object)\r\n   at Microsoft.AspNetCore.Http.RequestDelegateFactory.<>c__DisplayClass102_2.<<HandleRequestBodyAndCompileRequestDelegateForForm>b__2>d.MoveNext()\r\n--- End of stack trace from previous location ---\r\n   at Microsoft.AspNetCore.Authorization.AuthorizationMiddleware.Invoke(HttpContext context)\r\n   at Microsoft.AspNetCore.Authentication.AuthenticationMiddleware.Invoke(HttpContext context)\r\n   at Swashbuckle.AspNetCore.SwaggerUI.SwaggerUIMiddleware.Invoke(HttpContext httpContext)\r\n   at Swashbuckle.AspNetCore.Swagger.SwaggerMiddleware.Invoke(HttpContext httpContext, ISwaggerProvider swaggerProvider)\r\n   at Microsoft.AspNetCore.Diagnostics.DeveloperExceptionPageMiddlewareImpl.Invoke(HttpContext context)","Properties":{"EventId":{"Id":1,"Name":"UnhandledException"},"SourceContext":"Microsoft.AspNetCore.Diagnostics.DeveloperExceptionPageMiddleware","RequestId":"0HMSMAUHLJ9MU:00000009","RequestPath":"/api/auth/login","ConnectionId":"0HMSMAUHLJ9MU","Application":"Effortless.Api"}}
{"Timestamp":"2023-08-06T13:32:51.2477320+05:00","Level":"Error","MessageTemplate":"An unhandled exception has occurred while executing the request.","Exception":"System.InvalidOperationException: No converter registered for type 'Effortless.Api.Features.Auth.Login.Requests.LoginRequest'.\r\n   at Microsoft.AspNetCore.Components.Endpoints.Binding.FormDataMapperOptions.CreateConverter(Type type, FormDataMapperOptions options)\r\n   at System.Collections.Concurrent.ConcurrentDictionary`2.GetOrAdd[TArg](TKey key, Func`3 valueFactory, TArg factoryArgument)\r\n   at Microsoft.AspNetCore.Components.Endpoints.Binding.FormDataMapperOptions.ResolveConverter[T]()\r\n   at lambda_method21(Closure, Object, HttpContext, Object)\r\n   at Microsoft.AspNetCore.Http.RequestDelegateFactory.<>c__DisplayClass102_2.<<HandleRequestBodyAndCompileRequestDelegateForForm>b__2>d.MoveNext()\r\n--- End of stack trace from previous location ---\r\n   at Microsoft.AspNetCore.Authorization.AuthorizationMiddleware.Invoke(HttpContext context)\r\n   at Microsoft.AspNetCore.Authentication.AuthenticationMiddleware.Invoke(HttpContext context)\r\n   at Swashbuckle.AspNetCore.SwaggerUI.SwaggerUIMiddleware.Invoke(HttpContext httpContext)\r\n   at Swashbuckle.AspNetCore.Swagger.SwaggerMiddleware.Invoke(HttpContext httpContext, ISwaggerProvider swaggerProvider)\r\n   at Microsoft.AspNetCore.Diagnostics.DeveloperExceptionPageMiddlewareImpl.Invoke(HttpContext context)","Properties":{"EventId":{"Id":1,"Name":"UnhandledException"},"SourceContext":"Microsoft.AspNetCore.Diagnostics.DeveloperExceptionPageMiddleware","RequestId":"0HMSMAUHLJ9MU:0000000B","RequestPath":"/api/auth/login","ConnectionId":"0HMSMAUHLJ9MU","Application":"Effortless.Api"}}
{"Timestamp":"2023-08-06T13:36:21.7367328+05:00","Level":"Error","MessageTemplate":"An unhandled exception has occurred while executing the request.","Exception":"System.InvalidOperationException: No converter registered for type 'Effortless.Api.Features.Auth.Login.Requests.LoginRequest'.\r\n   at Microsoft.AspNetCore.Components.Endpoints.Binding.FormDataMapperOptions.CreateConverter(Type type, FormDataMapperOptions options)\r\n   at System.Collections.Concurrent.ConcurrentDictionary`2.GetOrAdd[TArg](TKey key, Func`3 valueFactory, TArg factoryArgument)\r\n   at Microsoft.AspNetCore.Components.Endpoints.Binding.FormDataMapperOptions.ResolveConverter[T]()\r\n   at lambda_method21(Closure, Object, HttpContext, Object)\r\n   at Microsoft.AspNetCore.Http.RequestDelegateFactory.<>c__DisplayClass102_2.<<HandleRequestBodyAndCompileRequestDelegateForForm>b__2>d.MoveNext()\r\n--- End of stack trace from previous location ---\r\n   at Microsoft.AspNetCore.Authorization.AuthorizationMiddleware.Invoke(HttpContext context)\r\n   at Microsoft.AspNetCore.Authentication.AuthenticationMiddleware.Invoke(HttpContext context)\r\n   at Swashbuckle.AspNetCore.SwaggerUI.SwaggerUIMiddleware.Invoke(HttpContext httpContext)\r\n   at Swashbuckle.AspNetCore.Swagger.SwaggerMiddleware.Invoke(HttpContext httpContext, ISwaggerProvider swaggerProvider)\r\n   at Microsoft.AspNetCore.Diagnostics.DeveloperExceptionPageMiddlewareImpl.Invoke(HttpContext context)","Properties":{"EventId":{"Id":1,"Name":"UnhandledException"},"SourceContext":"Microsoft.AspNetCore.Diagnostics.DeveloperExceptionPageMiddleware","RequestId":"0HMSMB0JPGFIM:00000009","RequestPath":"/api/auth/login","ConnectionId":"0HMSMB0JPGFIM","Application":"Effortless.Api"}}
{"Timestamp":"2023-08-06T13:39:33.3430732+05:00","Level":"Error","MessageTemplate":"An unhandled exception has occurred while executing the request.","Exception":"System.InvalidOperationException: No converter registered for type 'Microsoft.AspNetCore.Http.IFormFile'.\r\n   at Microsoft.AspNetCore.Components.Endpoints.Binding.FormDataMapperOptions.CreateConverter(Type type, FormDataMapperOptions options)\r\n   at System.Collections.Concurrent.ConcurrentDictionary`2.GetOrAdd[TArg](TKey key, Func`3 valueFactory, TArg factoryArgument)\r\n   at Microsoft.AspNetCore.Components.Endpoints.Binding.ComplexTypeConverterFactory.CanConvert(Type type, FormDataMapperOptions options)\r\n   at Microsoft.AspNetCore.Components.Endpoints.Binding.FormDataMapperOptions.<>c.<.ctor>b__2_4(Type type, FormDataMapperOptions options)\r\n   at Microsoft.AspNetCore.Components.Endpoints.Binding.FormDataMapperOptions.CreateConverter(Type type, FormDataMapperOptions options)\r\n   at System.Collections.Concurrent.ConcurrentDictionary`2.GetOrAdd[TArg](TKey key, Func`3 valueFactory, TArg factoryArgument)\r\n   at Microsoft.AspNetCore.Components.Endpoints.Binding.FormDataMapperOptions.ResolveConverter[T]()\r\n   at lambda_method21(Closure, Object, HttpContext, Object)\r\n   at Microsoft.AspNetCore.Http.RequestDelegateFactory.<>c__DisplayClass102_2.<<HandleRequestBodyAndCompileRequestDelegateForForm>b__2>d.MoveNext()\r\n--- End of stack trace from previous location ---\r\n   at Microsoft.AspNetCore.Authorization.AuthorizationMiddleware.Invoke(HttpContext context)\r\n   at Microsoft.AspNetCore.Authentication.AuthenticationMiddleware.Invoke(HttpContext context)\r\n   at Swashbuckle.AspNetCore.SwaggerUI.SwaggerUIMiddleware.Invoke(HttpContext httpContext)\r\n   at Swashbuckle.AspNetCore.Swagger.SwaggerMiddleware.Invoke(HttpContext httpContext, ISwaggerProvider swaggerProvider)\r\n   at Microsoft.AspNetCore.Diagnostics.DeveloperExceptionPageMiddlewareImpl.Invoke(HttpContext context)","Properties":{"EventId":{"Id":1,"Name":"UnhandledException"},"SourceContext":"Microsoft.AspNetCore.Diagnostics.DeveloperExceptionPageMiddleware","RequestId":"0HMSMB2HN2Q9A:00000009","RequestPath":"/api/auth/login","ConnectionId":"0HMSMB2HN2Q9A","Application":"Effortless.Api"}}
{"Timestamp":"2023-08-06T15:30:48.1785177+05:00","Level":"Error","MessageTemplate":"An unhandled exception has occurred while executing the request.","Exception":"Microsoft.AspNetCore.Http.BadHttpRequestException: Failed to read parameter \"LoginRequest request\" from the request body as JSON.\r\n ---> System.Text.Json.JsonException: The JSON value could not be converted to Microsoft.AspNetCore.Http.IFormFile. Path: $.profilePhoto | LineNumber: 3 | BytePositionInLine: 26.\r\n   at System.Text.Json.ThrowHelper.ThrowJsonException_DeserializeUnableToConvertValue(Type propertyType)\r\n   at System.Text.Json.Serialization.Converters.ObjectDefaultConverter`1.OnTryRead(Utf8JsonReader& reader, Type typeToConvert, JsonSerializerOptions options, ReadStack& state, T& value)\r\n   at System.Text.Json.Serialization.JsonConverter`1.TryRead(Utf8JsonReader& reader, Type typeToConvert, JsonSerializerOptions options, ReadStack& state, T& value, Boolean& isPopulatedValue)\r\n   at System.Text.Json.Serialization.Metadata.JsonPropertyInfo`1.ReadJsonAndSetMember(Object obj, ReadStack& state, Utf8JsonReader& reader)\r\n   at System.Text.Json.Serialization.Converters.ObjectDefaultConverter`1.OnTryRead(Utf8JsonReader& reader, Type typeToConvert, JsonSerializerOptions options, ReadStack& state, T& value)\r\n   at System.Text.Json.Serialization.JsonConverter`1.TryRead(Utf8JsonReader& reader, Type typeToConvert, JsonSerializerOptions options, ReadStack& state, T& value, Boolean& isPopulatedValue)\r\n   at System.Text.Json.Serialization.JsonConverter`1.ReadCore(Utf8JsonReader& reader, JsonSerializerOptions options, ReadStack& state)\r\n   at System.Text.Json.Serialization.Metadata.JsonTypeInfo`1.ContinueDeserialize(ReadBufferState& bufferState, JsonReaderState& jsonReaderState, ReadStack& readStack)\r\n   at System.Text.Json.Serialization.Metadata.JsonTypeInfo`1.DeserializeAsync(Stream utf8Json, CancellationToken cancellationToken)\r\n   at System.Text.Json.Serialization.Metadata.JsonTypeInfo`1.DeserializeAsObjectAsync(Stream utf8Json, CancellationToken cancellationToken)\r\n   at Microsoft.AspNetCore.Http.HttpRequestJsonExtensions.ReadFromJsonAsync(HttpRequest request, JsonTypeInfo jsonTypeInfo, CancellationToken cancellationToken)\r\n   at Microsoft.AspNetCore.Http.HttpRequestJsonExtensions.ReadFromJsonAsync(HttpRequest request, JsonTypeInfo jsonTypeInfo, CancellationToken cancellationToken)\r\n   at Microsoft.AspNetCore.Http.RequestDelegateFactory.<HandleRequestBodyAndCompileRequestDelegateForJson>g__TryReadBodyAsync|100_0(HttpContext httpContext, Type bodyType, String parameterTypeName, String parameterName, Boolean allowEmptyRequestBody, Boolean throwOnBadRequest, JsonTypeInfo jsonTypeInfo)\r\n   --- End of inner exception stack trace ---\r\n   at Microsoft.AspNetCore.Http.RequestDelegateFactory.Log.InvalidJsonRequestBody(HttpContext httpContext, String parameterTypeName, String parameterName, Exception exception, Boolean shouldThrow)\r\n   at Microsoft.AspNetCore.Http.RequestDelegateFactory.<HandleRequestBodyAndCompileRequestDelegateForJson>g__TryReadBodyAsync|100_0(HttpContext httpContext, Type bodyType, String parameterTypeName, String parameterName, Boolean allowEmptyRequestBody, Boolean throwOnBadRequest, JsonTypeInfo jsonTypeInfo)\r\n   at Microsoft.AspNetCore.Http.RequestDelegateFactory.<>c__DisplayClass100_2.<<HandleRequestBodyAndCompileRequestDelegateForJson>b__2>d.MoveNext()\r\n--- End of stack trace from previous location ---\r\n   at Microsoft.AspNetCore.Authorization.AuthorizationMiddleware.Invoke(HttpContext context)\r\n   at Microsoft.AspNetCore.Authentication.AuthenticationMiddleware.Invoke(HttpContext context)\r\n   at Swashbuckle.AspNetCore.SwaggerUI.SwaggerUIMiddleware.Invoke(HttpContext httpContext)\r\n   at Swashbuckle.AspNetCore.Swagger.SwaggerMiddleware.Invoke(HttpContext httpContext, ISwaggerProvider swaggerProvider)\r\n   at Microsoft.AspNetCore.Diagnostics.DeveloperExceptionPageMiddlewareImpl.Invoke(HttpContext context)","Properties":{"EventId":{"Id":1,"Name":"UnhandledException"},"SourceContext":"Microsoft.AspNetCore.Diagnostics.DeveloperExceptionPageMiddleware","RequestId":"0HMSMD0K8PF1B:00000009","RequestPath":"/api/auth/login","ConnectionId":"0HMSMD0K8PF1B","Application":"Effortless.Api"}}
{"Timestamp":"2023-08-06T16:34:48.8669678+05:00","Level":"Error","MessageTemplate":"An unhandled exception has occurred while executing the request.","Exception":"System.ArgumentException: The key value at position 0 of the call to 'DbSet<OtpEntity>.Find' was of type 'OtpEntity', which does not match the property type of 'long'.\r\n   at Microsoft.EntityFrameworkCore.Internal.EntityFinder`1.FindTracked(Object[] keyValues)\r\n   at Microsoft.EntityFrameworkCore.Internal.EntityFinder`1.FindAsync(Object[] keyValues, CancellationToken cancellationToken)\r\n   at Microsoft.EntityFrameworkCore.Internal.InternalDbSet`1.FindAsync(Object[] keyValues)\r\n   at Effortless.Api.Features.Auth.Otp.OtpRepository.UpdateOtpAsync(OtpEntity otp) in D:\\Innovators Brains\\Effortless\\src\\Effortless.Api\\Features\\Auth\\Otp\\OtpRepository.cs:line 42\r\n   at Effortless.Api.Features.Auth.Otp.OtpHandler.UpdateOtpInfo(OtpEntity otpInfo, String userId) in D:\\Innovators Brains\\Effortless\\src\\Effortless.Api\\Features\\Auth\\Otp\\OtpHandler.cs:line 171\r\n   at Effortless.Api.Features.Auth.Otp.OtpHandler.GenerateOtpAsync(GenerateOtpRequest request) in D:\\Innovators Brains\\Effortless\\src\\Effortless.Api\\Features\\Auth\\Otp\\OtpHandler.cs:line 62\r\n   at Effortless.Api.Features.Auth.AuthEndpoints.GenerateOtp(IOtpHandler otpHandler, GenerateOtpRequest request) in D:\\Innovators Brains\\Effortless\\src\\Effortless.Api\\Features\\Auth\\AuthEndpoints.cs:line 97\r\n   at Microsoft.AspNetCore.Http.RequestDelegateFactory.<TaskOfTToValueTaskOfObject>g__ExecuteAwaited|90_0[T](Task`1 task)\r\n   at Effortless.Core.Filters.FluentValidationFilter`1.InvokeAsync(EndpointFilterInvocationContext context, EndpointFilterDelegate next) in D:\\Innovators Brains\\Effortless\\src\\Effortless.Core\\Filters\\FluentValidationFilter.cs:line 44\r\n   at Microsoft.AspNetCore.Http.RequestDelegateFactory.<ExecuteValueTaskOfObject>g__ExecuteAwaited|124_0(ValueTask`1 valueTask, HttpContext httpContext, JsonTypeInfo`1 jsonTypeInfo)\r\n   at Microsoft.AspNetCore.Http.RequestDelegateFactory.<>c__DisplayClass100_2.<<HandleRequestBodyAndCompileRequestDelegateForJson>b__2>d.MoveNext()\r\n--- End of stack trace from previous location ---\r\n   at Microsoft.AspNetCore.Authorization.AuthorizationMiddleware.Invoke(HttpContext context)\r\n   at Microsoft.AspNetCore.Authentication.AuthenticationMiddleware.Invoke(HttpContext context)\r\n   at Swashbuckle.AspNetCore.SwaggerUI.SwaggerUIMiddleware.Invoke(HttpContext httpContext)\r\n   at Swashbuckle.AspNetCore.Swagger.SwaggerMiddleware.Invoke(HttpContext httpContext, ISwaggerProvider swaggerProvider)\r\n   at Microsoft.AspNetCore.Diagnostics.DeveloperExceptionPageMiddlewareImpl.Invoke(HttpContext context)","Properties":{"EventId":{"Id":1,"Name":"UnhandledException"},"SourceContext":"Microsoft.AspNetCore.Diagnostics.DeveloperExceptionPageMiddleware","RequestId":"0HMSME2I2P8GF:00000005","RequestPath":"/api/auth/otp","ConnectionId":"0HMSME2I2P8GF","Application":"Effortless.Api"}}
{"Timestamp":"2023-08-06T16:38:18.9940201+05:00","Level":"Error","MessageTemplate":"An unhandled exception has occurred while executing the request.","Exception":"System.ArgumentException: The key value at position 0 of the call to 'DbSet<OtpEntity>.Find' was of type 'OtpEntity', which does not match the property type of 'long'.\r\n   at Microsoft.EntityFrameworkCore.Internal.EntityFinder`1.FindTracked(Object[] keyValues)\r\n   at Microsoft.EntityFrameworkCore.Internal.EntityFinder`1.FindAsync(Object[] keyValues, CancellationToken cancellationToken)\r\n   at Microsoft.EntityFrameworkCore.Internal.InternalDbSet`1.FindAsync(Object[] keyValues)\r\n   at Effortless.Api.Features.Auth.Otp.OtpRepository.UpdateOtpAsync(OtpEntity otp)\r\n   at Effortless.Api.Features.Auth.Otp.OtpHandler.UpdateOtpInfo(OtpEntity otpInfo, String userId)\r\n   at Effortless.Api.Features.Auth.Otp.OtpHandler.GenerateOtpAsync(GenerateOtpRequest request)\r\n   at Effortless.Api.Features.Auth.AuthEndpoints.GenerateOtp(IOtpHandler otpHandler, GenerateOtpRequest request)\r\n   at Microsoft.AspNetCore.Http.RequestDelegateFactory.<TaskOfTToValueTaskOfObject>g__ExecuteAwaited|90_0[T](Task`1 task)\r\n   at Effortless.Core.Filters.FluentValidationFilter`1.InvokeAsync(EndpointFilterInvocationContext context, EndpointFilterDelegate next) in D:\\Innovators Brains\\Effortless\\src\\Effortless.Core\\Filters\\FluentValidationFilter.cs:line 44\r\n   at Microsoft.AspNetCore.Http.RequestDelegateFactory.<ExecuteValueTaskOfObject>g__ExecuteAwaited|124_0(ValueTask`1 valueTask, HttpContext httpContext, JsonTypeInfo`1 jsonTypeInfo)\r\n   at Microsoft.AspNetCore.Http.RequestDelegateFactory.<>c__DisplayClass100_2.<<HandleRequestBodyAndCompileRequestDelegateForJson>b__2>d.MoveNext()\r\n--- End of stack trace from previous location ---\r\n   at Microsoft.AspNetCore.Authorization.AuthorizationMiddleware.Invoke(HttpContext context)\r\n   at Microsoft.AspNetCore.Authentication.AuthenticationMiddleware.Invoke(HttpContext context)\r\n   at Swashbuckle.AspNetCore.SwaggerUI.SwaggerUIMiddleware.Invoke(HttpContext httpContext)\r\n   at Swashbuckle.AspNetCore.Swagger.SwaggerMiddleware.Invoke(HttpContext httpContext, ISwaggerProvider swaggerProvider)\r\n   at Microsoft.AspNetCore.Diagnostics.DeveloperExceptionPageMiddlewareImpl.Invoke(HttpContext context)","Properties":{"EventId":{"Id":1,"Name":"UnhandledException"},"SourceContext":"Microsoft.AspNetCore.Diagnostics.DeveloperExceptionPageMiddleware","RequestId":"0HMSME2I2P8GF:00000007","RequestPath":"/api/auth/otp","ConnectionId":"0HMSME2I2P8GF","Application":"Effortless.Api"}}
{"Timestamp":"2023-08-06T16:46:37.3727715+05:00","Level":"Error","MessageTemplate":"An unhandled exception has occurred while executing the request.","Exception":"System.InvalidOperationException: Queries performing 'LastOrDefault' operation must have a deterministic sort order. Rewrite the query to apply an 'OrderBy' operation on the sequence before calling 'LastOrDefault'.\r\n   at Microsoft.EntityFrameworkCore.Query.RelationalQueryableMethodTranslatingExpressionVisitor.TranslateLastOrDefault(ShapedQueryExpression source, LambdaExpression predicate, Type returnType, Boolean returnDefault)\r\n   at Microsoft.EntityFrameworkCore.Query.QueryableMethodTranslatingExpressionVisitor.VisitMethodCall(MethodCallExpression methodCallExpression)\r\n   at Microsoft.EntityFrameworkCore.Query.RelationalQueryableMethodTranslatingExpressionVisitor.VisitMethodCall(MethodCallExpression methodCallExpression)\r\n   at System.Linq.Expressions.ExpressionVisitor.Visit(Expression node)\r\n   at Microsoft.EntityFrameworkCore.Query.RelationalQueryableMethodTranslatingExpressionVisitor.Translate(Expression expression)\r\n   at Microsoft.EntityFrameworkCore.Query.QueryCompilationContext.CreateQueryExecutor[TResult](Expression query)\r\n   at Microsoft.EntityFrameworkCore.Storage.Database.CompileQuery[TResult](Expression query, Boolean async)\r\n   at Microsoft.EntityFrameworkCore.Query.Internal.QueryCompiler.CompileQueryCore[TResult](IDatabase database, Expression query, IModel model, Boolean async)\r\n   at Microsoft.EntityFrameworkCore.Query.Internal.QueryCompiler.<>c__DisplayClass12_0`1.<ExecuteAsync>b__0()\r\n   at Microsoft.EntityFrameworkCore.Query.Internal.CompiledQueryCache.GetOrAddQuery[TResult](Object cacheKey, Func`1 compiler)\r\n   at Microsoft.EntityFrameworkCore.Query.Internal.QueryCompiler.ExecuteAsync[TResult](Expression query, CancellationToken cancellationToken)\r\n   at Microsoft.EntityFrameworkCore.Query.Internal.EntityQueryProvider.ExecuteAsync[TResult](Expression expression, CancellationToken cancellationToken)\r\n   at Microsoft.EntityFrameworkCore.EntityFrameworkQueryableExtensions.ExecuteAsync[TSource,TResult](MethodInfo operatorMethodInfo, IQueryable`1 source, Expression expression, CancellationToken cancellationToken)\r\n   at Microsoft.EntityFrameworkCore.EntityFrameworkQueryableExtensions.ExecuteAsync[TSource,TResult](MethodInfo operatorMethodInfo, IQueryable`1 source, CancellationToken cancellationToken)\r\n   at Microsoft.EntityFrameworkCore.EntityFrameworkQueryableExtensions.LastOrDefaultAsync[TSource](IQueryable`1 source, CancellationToken cancellationToken)\r\n   at Effortless.Api.Features.Auth.Otp.OtpRepository.GetOtpByTypeAndUserIdAsync(String userId, Int32 otpType)\r\n   at Effortless.Api.Features.Auth.Otp.OtpHandler.GenerateOtpAsync(GenerateOtpRequest request)\r\n   at Effortless.Api.Features.Auth.AuthEndpoints.GenerateOtp(IOtpHandler otpHandler, GenerateOtpRequest request)\r\n   at Microsoft.AspNetCore.Http.RequestDelegateFactory.<TaskOfTToValueTaskOfObject>g__ExecuteAwaited|90_0[T](Task`1 task)\r\n   at Effortless.Core.Filters.FluentValidationFilter`1.InvokeAsync(EndpointFilterInvocationContext context, EndpointFilterDelegate next) in D:\\Innovators Brains\\Effortless\\src\\Effortless.Core\\Filters\\FluentValidationFilter.cs:line 44\r\n   at Microsoft.AspNetCore.Http.RequestDelegateFactory.<ExecuteValueTaskOfObject>g__ExecuteAwaited|124_0(ValueTask`1 valueTask, HttpContext httpContext, JsonTypeInfo`1 jsonTypeInfo)\r\n   at Microsoft.AspNetCore.Http.RequestDelegateFactory.<>c__DisplayClass100_2.<<HandleRequestBodyAndCompileRequestDelegateForJson>b__2>d.MoveNext()\r\n--- End of stack trace from previous location ---\r\n   at Microsoft.AspNetCore.Authorization.AuthorizationMiddleware.Invoke(HttpContext context)\r\n   at Microsoft.AspNetCore.Authentication.AuthenticationMiddleware.Invoke(HttpContext context)\r\n   at Swashbuckle.AspNetCore.SwaggerUI.SwaggerUIMiddleware.Invoke(HttpContext httpContext)\r\n   at Swashbuckle.AspNetCore.Swagger.SwaggerMiddleware.Invoke(HttpContext httpContext, ISwaggerProvider swaggerProvider)\r\n   at Microsoft.AspNetCore.Diagnostics.DeveloperExceptionPageMiddlewareImpl.Invoke(HttpContext context)","Properties":{"EventId":{"Id":1,"Name":"UnhandledException"},"SourceContext":"Microsoft.AspNetCore.Diagnostics.DeveloperExceptionPageMiddleware","RequestId":"0HMSME6QJV3GS:00000019","RequestPath":"/api/auth/otp","ConnectionId":"0HMSME6QJV3GS","Application":"Effortless.Api"}}
