{"Timestamp":"2023-08-05T18:56:29.5708417+05:00","Level":"Error","MessageTemplate":"An unhandled exception has occurred while executing the request.","Exception":"System.ArgumentException: The key value at position 0 of the call to 'DbSet<OtpEntity>.Find' was of type 'OtpEntity', which does not match the property type of 'long'.\r\n   at Microsoft.EntityFrameworkCore.Internal.EntityFinder`1.FindTracked(Object[] keyValues)\r\n   at Microsoft.EntityFrameworkCore.Internal.EntityFinder`1.FindAsync(Object[] keyValues, CancellationToken cancellationToken)\r\n   at Microsoft.EntityFrameworkCore.Internal.InternalDbSet`1.FindAsync(Object[] keyValues)\r\n   at Effortless.Api.Features.Auth.Otp.OtpRepository.UpdateOtpAsync(OtpEntity otp) in D:\\Innovators Brains\\Effortless\\src\\Effortless.Api\\Features\\Auth\\Otp\\OtpRepository.cs:line 42\r\n   at Effortless.Api.Features.Auth.Otp.OtpHandler.UpdateOtpInfo(OtpEntity otpInfo, String userId) in D:\\Innovators Brains\\Effortless\\src\\Effortless.Api\\Features\\Auth\\Otp\\OtpHandler.cs:line 164\r\n   at Effortless.Api.Features.Auth.Otp.OtpHandler.GenerateOtpAsync(GenerateOtpRequest request) in D:\\Innovators Brains\\Effortless\\src\\Effortless.Api\\Features\\Auth\\Otp\\OtpHandler.cs:line 58\r\n   at Effortless.Api.Features.Auth.AuthEndpoints.GenerateOtp(IOtpHandler otpHandler, GenerateOtpRequest request) in D:\\Innovators Brains\\Effortless\\src\\Effortless.Api\\Features\\Auth\\AuthEndpoints.cs:line 82\r\n   at Microsoft.AspNetCore.Http.RequestDelegateFactory.<TaskOfTToValueTaskOfObject>g__ExecuteAwaited|90_0[T](Task`1 task)\r\n   at Effortless.Core.Filters.FluentValidationFilter`1.InvokeAsync(EndpointFilterInvocationContext context, EndpointFilterDelegate next) in D:\\Innovators Brains\\Effortless\\src\\Effortless.Core\\Filters\\FluentValidationFilter.cs:line 44\r\n   at Microsoft.AspNetCore.Http.RequestDelegateFactory.<ExecuteValueTaskOfObject>g__ExecuteAwaited|124_0(ValueTask`1 valueTask, HttpContext httpContext, JsonTypeInfo`1 jsonTypeInfo)\r\n   at Microsoft.AspNetCore.Http.RequestDelegateFactory.<>c__DisplayClass100_2.<<HandleRequestBodyAndCompileRequestDelegateForJson>b__2>d.MoveNext()\r\n--- End of stack trace from previous location ---\r\n   at Microsoft.AspNetCore.Authorization.AuthorizationMiddleware.Invoke(HttpContext context)\r\n   at Microsoft.AspNetCore.Authentication.AuthenticationMiddleware.Invoke(HttpContext context)\r\n   at Swashbuckle.AspNetCore.SwaggerUI.SwaggerUIMiddleware.Invoke(HttpContext httpContext)\r\n   at Swashbuckle.AspNetCore.Swagger.SwaggerMiddleware.Invoke(HttpContext httpContext, ISwaggerProvider swaggerProvider)\r\n   at Microsoft.AspNetCore.Diagnostics.DeveloperExceptionPageMiddlewareImpl.Invoke(HttpContext context)","Properties":{"EventId":{"Id":1,"Name":"UnhandledException"},"SourceContext":"Microsoft.AspNetCore.Diagnostics.DeveloperExceptionPageMiddleware","RequestId":"0HMSLNELRJD0T:0000000D","RequestPath":"/api/auth/otp","ConnectionId":"0HMSLNELRJD0T","Application":"Effortless.Api"}}
{"Timestamp":"2023-08-05T19:05:34.5679310+05:00","Level":"Error","MessageTemplate":"An unhandled exception has occurred while executing the request.","Exception":"System.InvalidOperationException: StatusCode cannot be set because the response has already started.\r\n   at Microsoft.AspNetCore.Server.Kestrel.Core.Internal.Http.HttpProtocol.ThrowResponseAlreadyStartedException(String value)\r\n   at Microsoft.AspNetCore.Server.Kestrel.Core.Internal.Http.HttpProtocol.set_StatusCode(Int32 value)\r\n   at Microsoft.AspNetCore.Authentication.JwtBearer.JwtBearerHandler.HandleChallengeAsync(AuthenticationProperties properties)\r\n   at Microsoft.AspNetCore.Authentication.AuthenticationHandler`1.ChallengeAsync(AuthenticationProperties properties)\r\n   at Microsoft.AspNetCore.Authentication.AuthenticationService.ChallengeAsync(HttpContext context, String scheme, AuthenticationProperties properties)\r\n   at Microsoft.AspNetCore.Authorization.Policy.AuthorizationMiddlewareResultHandler.<>c__DisplayClass0_0.<<HandleAsync>g__Handle|0>d.MoveNext()\r\n--- End of stack trace from previous location ---\r\n   at Microsoft.AspNetCore.Authorization.AuthorizationMiddleware.Invoke(HttpContext context)\r\n   at Microsoft.AspNetCore.Authentication.AuthenticationMiddleware.Invoke(HttpContext context)\r\n   at Swashbuckle.AspNetCore.SwaggerUI.SwaggerUIMiddleware.Invoke(HttpContext httpContext)\r\n   at Swashbuckle.AspNetCore.Swagger.SwaggerMiddleware.Invoke(HttpContext httpContext, ISwaggerProvider swaggerProvider)\r\n   at Microsoft.AspNetCore.Diagnostics.DeveloperExceptionPageMiddlewareImpl.Invoke(HttpContext context)","Properties":{"EventId":{"Id":1,"Name":"UnhandledException"},"SourceContext":"Microsoft.AspNetCore.Diagnostics.DeveloperExceptionPageMiddleware","RequestId":"0HMSLNJVED2NL:00000009","RequestPath":"/api/auth/otp","ConnectionId":"0HMSLNJVED2NL","Application":"Effortless.Api"}}
{"Timestamp":"2023-08-05T19:05:34.6002610+05:00","Level":"Error","MessageTemplate":"Connection id \"{ConnectionId}\", Request id \"{TraceIdentifier}\": An unhandled exception was thrown by the application.","Exception":"System.InvalidOperationException: StatusCode cannot be set because the response has already started.\r\n   at Microsoft.AspNetCore.Server.Kestrel.Core.Internal.Http.HttpProtocol.ThrowResponseAlreadyStartedException(String value)\r\n   at Microsoft.AspNetCore.Server.Kestrel.Core.Internal.Http.HttpProtocol.set_StatusCode(Int32 value)\r\n   at Microsoft.AspNetCore.Authentication.JwtBearer.JwtBearerHandler.HandleChallengeAsync(AuthenticationProperties properties)\r\n   at Microsoft.AspNetCore.Authentication.AuthenticationHandler`1.ChallengeAsync(AuthenticationProperties properties)\r\n   at Microsoft.AspNetCore.Authentication.AuthenticationService.ChallengeAsync(HttpContext context, String scheme, AuthenticationProperties properties)\r\n   at Microsoft.AspNetCore.Authorization.Policy.AuthorizationMiddlewareResultHandler.<>c__DisplayClass0_0.<<HandleAsync>g__Handle|0>d.MoveNext()\r\n--- End of stack trace from previous location ---\r\n   at Microsoft.AspNetCore.Authorization.AuthorizationMiddleware.Invoke(HttpContext context)\r\n   at Microsoft.AspNetCore.Authentication.AuthenticationMiddleware.Invoke(HttpContext context)\r\n   at Swashbuckle.AspNetCore.SwaggerUI.SwaggerUIMiddleware.Invoke(HttpContext httpContext)\r\n   at Swashbuckle.AspNetCore.Swagger.SwaggerMiddleware.Invoke(HttpContext httpContext, ISwaggerProvider swaggerProvider)\r\n   at Microsoft.AspNetCore.Diagnostics.DeveloperExceptionPageMiddlewareImpl.Invoke(HttpContext context)\r\n   at Microsoft.AspNetCore.Diagnostics.DeveloperExceptionPageMiddlewareImpl.Invoke(HttpContext context)\r\n   at Microsoft.AspNetCore.Watch.BrowserRefresh.BrowserRefreshMiddleware.InvokeAsync(HttpContext context)\r\n   at Microsoft.AspNetCore.Server.Kestrel.Core.Internal.Http.HttpProtocol.ProcessRequests[TContext](IHttpApplication`1 application)","Properties":{"ConnectionId":"0HMSLNJVED2NL","TraceIdentifier":"0HMSLNJVED2NL:00000009","EventId":{"Id":13,"Name":"ApplicationError"},"SourceContext":"Microsoft.AspNetCore.Server.Kestrel","RequestId":"0HMSLNJVED2NL:00000009","RequestPath":"/api/auth/otp","Application":"Effortless.Api"}}
{"Timestamp":"2023-08-05T22:17:48.5028700+05:00","Level":"Error","MessageTemplate":"An unhandled exception has occurred while executing the request.","Exception":"Swashbuckle.AspNetCore.SwaggerGen.SwaggerGeneratorException: Conflicting method/path combination \"POST api/auth/otp/verify\" for actions - HTTP: POST api/auth/otp/verify => VerifyOtp,HTTP: POST api/auth/otp/verify => RefreshToken. Actions require a unique method/path combination for Swagger/OpenAPI 3.0. Use ConflictingActionsResolver as a workaround\r\n   at Swashbuckle.AspNetCore.SwaggerGen.SwaggerGenerator.GenerateOperations(IEnumerable`1 apiDescriptions, SchemaRepository schemaRepository)\r\n   at Swashbuckle.AspNetCore.SwaggerGen.SwaggerGenerator.GeneratePaths(IEnumerable`1 apiDescriptions, SchemaRepository schemaRepository)\r\n   at Swashbuckle.AspNetCore.SwaggerGen.SwaggerGenerator.GetSwaggerDocumentWithoutFilters(String documentName, String host, String basePath)\r\n   at Swashbuckle.AspNetCore.SwaggerGen.SwaggerGenerator.GetSwaggerAsync(String documentName, String host, String basePath)\r\n   at Swashbuckle.AspNetCore.Swagger.SwaggerMiddleware.Invoke(HttpContext httpContext, ISwaggerProvider swaggerProvider)\r\n   at Microsoft.AspNetCore.Diagnostics.DeveloperExceptionPageMiddlewareImpl.Invoke(HttpContext context)","Properties":{"EventId":{"Id":1,"Name":"UnhandledException"},"SourceContext":"Microsoft.AspNetCore.Diagnostics.DeveloperExceptionPageMiddleware","RequestId":"0HMSLQVHI0K57:00000007","RequestPath":"/swagger/v1/swagger.json","ConnectionId":"0HMSLQVHI0K57","Application":"Effortless.Api"}}
{"Timestamp":"2023-08-05T22:17:55.3398483+05:00","Level":"Error","MessageTemplate":"An unhandled exception has occurred while executing the request.","Exception":"Swashbuckle.AspNetCore.SwaggerGen.SwaggerGeneratorException: Conflicting method/path combination \"POST api/auth/otp/verify\" for actions - HTTP: POST api/auth/otp/verify => VerifyOtp,HTTP: POST api/auth/otp/verify => RefreshToken. Actions require a unique method/path combination for Swagger/OpenAPI 3.0. Use ConflictingActionsResolver as a workaround\r\n   at Swashbuckle.AspNetCore.SwaggerGen.SwaggerGenerator.GenerateOperations(IEnumerable`1 apiDescriptions, SchemaRepository schemaRepository)\r\n   at Swashbuckle.AspNetCore.SwaggerGen.SwaggerGenerator.GeneratePaths(IEnumerable`1 apiDescriptions, SchemaRepository schemaRepository)\r\n   at Swashbuckle.AspNetCore.SwaggerGen.SwaggerGenerator.GetSwaggerDocumentWithoutFilters(String documentName, String host, String basePath)\r\n   at Swashbuckle.AspNetCore.SwaggerGen.SwaggerGenerator.GetSwaggerAsync(String documentName, String host, String basePath)\r\n   at Swashbuckle.AspNetCore.Swagger.SwaggerMiddleware.Invoke(HttpContext httpContext, ISwaggerProvider swaggerProvider)\r\n   at Microsoft.AspNetCore.Diagnostics.DeveloperExceptionPageMiddlewareImpl.Invoke(HttpContext context)","Properties":{"EventId":{"Id":1,"Name":"UnhandledException"},"SourceContext":"Microsoft.AspNetCore.Diagnostics.DeveloperExceptionPageMiddleware","RequestId":"0HMSLQVHI0K58:00000007","RequestPath":"/swagger/v1/swagger.json","ConnectionId":"0HMSLQVHI0K58","Application":"Effortless.Api"}}
{"Timestamp":"2023-08-05T22:19:23.6402434+05:00","Level":"Error","MessageTemplate":"An unhandled exception has occurred while executing the request.","Exception":"Microsoft.IdentityModel.Tokens.SecurityTokenExpiredException: IDX10223: Lifetime validation failed. The token is expired. ValidTo: '8/5/2023 3:08:13 PM', Current time: '8/5/2023 5:19:23 PM'.\r\n   at Microsoft.IdentityModel.Tokens.Validators.ValidateLifetime(Nullable`1 notBefore, Nullable`1 expires, SecurityToken securityToken, TokenValidationParameters validationParameters)\r\n   at System.IdentityModel.Tokens.Jwt.JwtSecurityTokenHandler.ValidateLifetime(Nullable`1 notBefore, Nullable`1 expires, JwtSecurityToken jwtToken, TokenValidationParameters validationParameters)\r\n   at System.IdentityModel.Tokens.Jwt.JwtSecurityTokenHandler.ValidateTokenPayload(JwtSecurityToken jwtToken, TokenValidationParameters validationParameters, BaseConfiguration configuration)\r\n   at System.IdentityModel.Tokens.Jwt.JwtSecurityTokenHandler.ValidateJWS(String token, TokenValidationParameters validationParameters, BaseConfiguration currentConfiguration, SecurityToken& signatureValidatedToken, ExceptionDispatchInfo& exceptionThrown)\r\n--- End of stack trace from previous location ---\r\n   at System.IdentityModel.Tokens.Jwt.JwtSecurityTokenHandler.ValidateToken(String token, JwtSecurityToken outerToken, TokenValidationParameters validationParameters, SecurityToken& signatureValidatedToken)\r\n   at System.IdentityModel.Tokens.Jwt.JwtSecurityTokenHandler.ValidateToken(String token, TokenValidationParameters validationParameters, SecurityToken& validatedToken)\r\n   at Effortless.Core.Services.Jwt.JwtService.GetPrincipalFromExpiredToken(String token) in D:\\Innovators Brains\\Effortless\\src\\Effortless.Core\\Services\\Jwt\\JwtService.cs:line 107\r\n   at Effortless.Api.Features.Auth.Token.TokenHandler.RenewTokensAsync(RefreshTokenRequest request) in D:\\Innovators Brains\\Effortless\\src\\Effortless.Api\\Features\\Auth\\Token\\TokenHandler.cs:line 32\r\n   at Effortless.Api.Features.Auth.AuthEndpoints.RefreshToken(ITokenHandler tokenHandler, RefreshTokenRequest request) in D:\\Innovators Brains\\Effortless\\src\\Effortless.Api\\Features\\Auth\\AuthEndpoints.cs:line 105\r\n   at Microsoft.AspNetCore.Http.RequestDelegateFactory.<TaskOfTToValueTaskOfObject>g__ExecuteAwaited|90_0[T](Task`1 task)\r\n   at Effortless.Core.Filters.FluentValidationFilter`1.InvokeAsync(EndpointFilterInvocationContext context, EndpointFilterDelegate next) in D:\\Innovators Brains\\Effortless\\src\\Effortless.Core\\Filters\\FluentValidationFilter.cs:line 44\r\n   at Microsoft.AspNetCore.Http.RequestDelegateFactory.<ExecuteValueTaskOfObject>g__ExecuteAwaited|124_0(ValueTask`1 valueTask, HttpContext httpContext, JsonTypeInfo`1 jsonTypeInfo)\r\n   at Microsoft.AspNetCore.Http.RequestDelegateFactory.<>c__DisplayClass100_2.<<HandleRequestBodyAndCompileRequestDelegateForJson>b__2>d.MoveNext()\r\n--- End of stack trace from previous location ---\r\n   at Microsoft.AspNetCore.Authorization.AuthorizationMiddleware.Invoke(HttpContext context)\r\n   at Microsoft.AspNetCore.Authentication.AuthenticationMiddleware.Invoke(HttpContext context)\r\n   at Swashbuckle.AspNetCore.SwaggerUI.SwaggerUIMiddleware.Invoke(HttpContext httpContext)\r\n   at Swashbuckle.AspNetCore.Swagger.SwaggerMiddleware.Invoke(HttpContext httpContext, ISwaggerProvider swaggerProvider)\r\n   at Microsoft.AspNetCore.Diagnostics.DeveloperExceptionPageMiddlewareImpl.Invoke(HttpContext context)","Properties":{"EventId":{"Id":1,"Name":"UnhandledException"},"SourceContext":"Microsoft.AspNetCore.Diagnostics.DeveloperExceptionPageMiddleware","RequestId":"0HMSLR0757QTB:00000009","RequestPath":"/api/auth/token/refresh","ConnectionId":"0HMSLR0757QTB","Application":"Effortless.Api"}}
{"Timestamp":"2023-08-05T22:23:09.1379186+05:00","Level":"Error","MessageTemplate":"An unhandled exception has occurred while executing the request.","Exception":"Microsoft.IdentityModel.Tokens.SecurityTokenExpiredException: IDX10223: Lifetime validation failed. The token is expired. ValidTo: '8/5/2023 3:08:13 PM', Current time: '8/5/2023 5:23:09 PM'.\r\n   at Microsoft.IdentityModel.Tokens.Validators.ValidateLifetime(Nullable`1 notBefore, Nullable`1 expires, SecurityToken securityToken, TokenValidationParameters validationParameters)\r\n   at System.IdentityModel.Tokens.Jwt.JwtSecurityTokenHandler.ValidateLifetime(Nullable`1 notBefore, Nullable`1 expires, JwtSecurityToken jwtToken, TokenValidationParameters validationParameters)\r\n   at System.IdentityModel.Tokens.Jwt.JwtSecurityTokenHandler.ValidateTokenPayload(JwtSecurityToken jwtToken, TokenValidationParameters validationParameters, BaseConfiguration configuration)\r\n   at System.IdentityModel.Tokens.Jwt.JwtSecurityTokenHandler.ValidateJWS(String token, TokenValidationParameters validationParameters, BaseConfiguration currentConfiguration, SecurityToken& signatureValidatedToken, ExceptionDispatchInfo& exceptionThrown)\r\n--- End of stack trace from previous location ---\r\n   at System.IdentityModel.Tokens.Jwt.JwtSecurityTokenHandler.ValidateToken(String token, JwtSecurityToken outerToken, TokenValidationParameters validationParameters, SecurityToken& signatureValidatedToken)\r\n   at System.IdentityModel.Tokens.Jwt.JwtSecurityTokenHandler.ValidateToken(String token, TokenValidationParameters validationParameters, SecurityToken& validatedToken)\r\n   at Effortless.Core.Services.Jwt.JwtService.GetPrincipalFromExpiredToken(String token) in D:\\Innovators Brains\\Effortless\\src\\Effortless.Core\\Services\\Jwt\\JwtService.cs:line 107\r\n   at Effortless.Api.Features.Auth.Token.TokenHandler.RenewTokensAsync(RefreshTokenRequest request) in D:\\Innovators Brains\\Effortless\\src\\Effortless.Api\\Features\\Auth\\Token\\TokenHandler.cs:line 32\r\n   at Effortless.Api.Features.Auth.AuthEndpoints.RefreshToken(ITokenHandler tokenHandler, RefreshTokenRequest request) in D:\\Innovators Brains\\Effortless\\src\\Effortless.Api\\Features\\Auth\\AuthEndpoints.cs:line 106\r\n   at Microsoft.AspNetCore.Http.RequestDelegateFactory.<TaskOfTToValueTaskOfObject>g__ExecuteAwaited|90_0[T](Task`1 task)\r\n   at Effortless.Core.Filters.FluentValidationFilter`1.InvokeAsync(EndpointFilterInvocationContext context, EndpointFilterDelegate next) in D:\\Innovators Brains\\Effortless\\src\\Effortless.Core\\Filters\\FluentValidationFilter.cs:line 44\r\n   at Microsoft.AspNetCore.Http.RequestDelegateFactory.<ExecuteValueTaskOfObject>g__ExecuteAwaited|124_0(ValueTask`1 valueTask, HttpContext httpContext, JsonTypeInfo`1 jsonTypeInfo)\r\n   at Microsoft.AspNetCore.Http.RequestDelegateFactory.<>c__DisplayClass100_2.<<HandleRequestBodyAndCompileRequestDelegateForJson>b__2>d.MoveNext()\r\n--- End of stack trace from previous location ---\r\n   at Microsoft.AspNetCore.Authorization.AuthorizationMiddleware.Invoke(HttpContext context)\r\n   at Microsoft.AspNetCore.Authentication.AuthenticationMiddleware.Invoke(HttpContext context)\r\n   at Swashbuckle.AspNetCore.SwaggerUI.SwaggerUIMiddleware.Invoke(HttpContext httpContext)\r\n   at Swashbuckle.AspNetCore.Swagger.SwaggerMiddleware.Invoke(HttpContext httpContext, ISwaggerProvider swaggerProvider)\r\n   at Microsoft.AspNetCore.Diagnostics.DeveloperExceptionPageMiddlewareImpl.Invoke(HttpContext context)","Properties":{"EventId":{"Id":1,"Name":"UnhandledException"},"SourceContext":"Microsoft.AspNetCore.Diagnostics.DeveloperExceptionPageMiddleware","RequestId":"0HMSLR27NL7U7:00000001","RequestPath":"/api/auth/token/refresh","ConnectionId":"0HMSLR27NL7U7","Application":"Effortless.Api"}}
{"Timestamp":"2023-08-05T22:23:45.8539701+05:00","Level":"Error","MessageTemplate":"An unhandled exception has occurred while executing the request.","Exception":"Microsoft.IdentityModel.Tokens.SecurityTokenExpiredException: IDX10223: Lifetime validation failed. The token is expired. ValidTo: '8/5/2023 3:08:13 PM', Current time: '8/5/2023 5:23:28 PM'.\r\n   at Microsoft.IdentityModel.Tokens.Validators.ValidateLifetime(Nullable`1 notBefore, Nullable`1 expires, SecurityToken securityToken, TokenValidationParameters validationParameters)\r\n   at System.IdentityModel.Tokens.Jwt.JwtSecurityTokenHandler.ValidateLifetime(Nullable`1 notBefore, Nullable`1 expires, JwtSecurityToken jwtToken, TokenValidationParameters validationParameters)\r\n   at System.IdentityModel.Tokens.Jwt.JwtSecurityTokenHandler.ValidateTokenPayload(JwtSecurityToken jwtToken, TokenValidationParameters validationParameters, BaseConfiguration configuration)\r\n   at System.IdentityModel.Tokens.Jwt.JwtSecurityTokenHandler.ValidateJWS(String token, TokenValidationParameters validationParameters, BaseConfiguration currentConfiguration, SecurityToken& signatureValidatedToken, ExceptionDispatchInfo& exceptionThrown)\r\n--- End of stack trace from previous location ---\r\n   at System.IdentityModel.Tokens.Jwt.JwtSecurityTokenHandler.ValidateToken(String token, JwtSecurityToken outerToken, TokenValidationParameters validationParameters, SecurityToken& signatureValidatedToken)\r\n   at System.IdentityModel.Tokens.Jwt.JwtSecurityTokenHandler.ValidateToken(String token, TokenValidationParameters validationParameters, SecurityToken& validatedToken)\r\n   at Effortless.Core.Services.Jwt.JwtService.GetPrincipalFromExpiredToken(String token) in D:\\Innovators Brains\\Effortless\\src\\Effortless.Core\\Services\\Jwt\\JwtService.cs:line 107\r\n   at Effortless.Api.Features.Auth.Token.TokenHandler.RenewTokensAsync(RefreshTokenRequest request) in D:\\Innovators Brains\\Effortless\\src\\Effortless.Api\\Features\\Auth\\Token\\TokenHandler.cs:line 32\r\n   at Effortless.Api.Features.Auth.AuthEndpoints.RefreshToken(ITokenHandler tokenHandler, RefreshTokenRequest request) in D:\\Innovators Brains\\Effortless\\src\\Effortless.Api\\Features\\Auth\\AuthEndpoints.cs:line 106\r\n   at Microsoft.AspNetCore.Http.RequestDelegateFactory.<TaskOfTToValueTaskOfObject>g__ExecuteAwaited|90_0[T](Task`1 task)\r\n   at Effortless.Core.Filters.FluentValidationFilter`1.InvokeAsync(EndpointFilterInvocationContext context, EndpointFilterDelegate next) in D:\\Innovators Brains\\Effortless\\src\\Effortless.Core\\Filters\\FluentValidationFilter.cs:line 44\r\n   at Microsoft.AspNetCore.Http.RequestDelegateFactory.<ExecuteValueTaskOfObject>g__ExecuteAwaited|124_0(ValueTask`1 valueTask, HttpContext httpContext, JsonTypeInfo`1 jsonTypeInfo)\r\n   at Microsoft.AspNetCore.Http.RequestDelegateFactory.<>c__DisplayClass100_2.<<HandleRequestBodyAndCompileRequestDelegateForJson>b__2>d.MoveNext()\r\n--- End of stack trace from previous location ---\r\n   at Microsoft.AspNetCore.Authorization.AuthorizationMiddleware.Invoke(HttpContext context)\r\n   at Microsoft.AspNetCore.Authentication.AuthenticationMiddleware.Invoke(HttpContext context)\r\n   at Swashbuckle.AspNetCore.SwaggerUI.SwaggerUIMiddleware.Invoke(HttpContext httpContext)\r\n   at Swashbuckle.AspNetCore.Swagger.SwaggerMiddleware.Invoke(HttpContext httpContext, ISwaggerProvider swaggerProvider)\r\n   at Microsoft.AspNetCore.Diagnostics.DeveloperExceptionPageMiddlewareImpl.Invoke(HttpContext context)","Properties":{"EventId":{"Id":1,"Name":"UnhandledException"},"SourceContext":"Microsoft.AspNetCore.Diagnostics.DeveloperExceptionPageMiddleware","RequestId":"0HMSLR27NL7U8:00000001","RequestPath":"/api/auth/token/refresh","ConnectionId":"0HMSLR27NL7U8","Application":"Effortless.Api"}}
{"Timestamp":"2023-08-05T22:23:51.4953388+05:00","Level":"Error","MessageTemplate":"An unhandled exception has occurred while executing the request.","Exception":"Microsoft.IdentityModel.Tokens.SecurityTokenExpiredException: IDX10223: Lifetime validation failed. The token is expired. ValidTo: '8/5/2023 3:08:13 PM', Current time: '8/5/2023 5:23:51 PM'.\r\n   at Microsoft.IdentityModel.Tokens.Validators.ValidateLifetime(Nullable`1 notBefore, Nullable`1 expires, SecurityToken securityToken, TokenValidationParameters validationParameters)\r\n   at System.IdentityModel.Tokens.Jwt.JwtSecurityTokenHandler.ValidateLifetime(Nullable`1 notBefore, Nullable`1 expires, JwtSecurityToken jwtToken, TokenValidationParameters validationParameters)\r\n   at System.IdentityModel.Tokens.Jwt.JwtSecurityTokenHandler.ValidateTokenPayload(JwtSecurityToken jwtToken, TokenValidationParameters validationParameters, BaseConfiguration configuration)\r\n   at System.IdentityModel.Tokens.Jwt.JwtSecurityTokenHandler.ValidateJWS(String token, TokenValidationParameters validationParameters, BaseConfiguration currentConfiguration, SecurityToken& signatureValidatedToken, ExceptionDispatchInfo& exceptionThrown)\r\n--- End of stack trace from previous location ---\r\n   at System.IdentityModel.Tokens.Jwt.JwtSecurityTokenHandler.ValidateToken(String token, JwtSecurityToken outerToken, TokenValidationParameters validationParameters, SecurityToken& signatureValidatedToken)\r\n   at System.IdentityModel.Tokens.Jwt.JwtSecurityTokenHandler.ValidateToken(String token, TokenValidationParameters validationParameters, SecurityToken& validatedToken)\r\n   at Effortless.Core.Services.Jwt.JwtService.GetPrincipalFromExpiredToken(String token) in D:\\Innovators Brains\\Effortless\\src\\Effortless.Core\\Services\\Jwt\\JwtService.cs:line 107\r\n   at Effortless.Api.Features.Auth.Token.TokenHandler.RenewTokensAsync(RefreshTokenRequest request) in D:\\Innovators Brains\\Effortless\\src\\Effortless.Api\\Features\\Auth\\Token\\TokenHandler.cs:line 32\r\n   at Effortless.Api.Features.Auth.AuthEndpoints.RefreshToken(ITokenHandler tokenHandler, RefreshTokenRequest request) in D:\\Innovators Brains\\Effortless\\src\\Effortless.Api\\Features\\Auth\\AuthEndpoints.cs:line 106\r\n   at Microsoft.AspNetCore.Http.RequestDelegateFactory.<TaskOfTToValueTaskOfObject>g__ExecuteAwaited|90_0[T](Task`1 task)\r\n   at Effortless.Core.Filters.FluentValidationFilter`1.InvokeAsync(EndpointFilterInvocationContext context, EndpointFilterDelegate next) in D:\\Innovators Brains\\Effortless\\src\\Effortless.Core\\Filters\\FluentValidationFilter.cs:line 44\r\n   at Microsoft.AspNetCore.Http.RequestDelegateFactory.<ExecuteValueTaskOfObject>g__ExecuteAwaited|124_0(ValueTask`1 valueTask, HttpContext httpContext, JsonTypeInfo`1 jsonTypeInfo)\r\n   at Microsoft.AspNetCore.Http.RequestDelegateFactory.<>c__DisplayClass100_2.<<HandleRequestBodyAndCompileRequestDelegateForJson>b__2>d.MoveNext()\r\n--- End of stack trace from previous location ---\r\n   at Microsoft.AspNetCore.Authorization.AuthorizationMiddleware.Invoke(HttpContext context)\r\n   at Microsoft.AspNetCore.Authentication.AuthenticationMiddleware.Invoke(HttpContext context)\r\n   at Swashbuckle.AspNetCore.SwaggerUI.SwaggerUIMiddleware.Invoke(HttpContext httpContext)\r\n   at Swashbuckle.AspNetCore.Swagger.SwaggerMiddleware.Invoke(HttpContext httpContext, ISwaggerProvider swaggerProvider)\r\n   at Microsoft.AspNetCore.Diagnostics.DeveloperExceptionPageMiddlewareImpl.Invoke(HttpContext context)","Properties":{"EventId":{"Id":1,"Name":"UnhandledException"},"SourceContext":"Microsoft.AspNetCore.Diagnostics.DeveloperExceptionPageMiddleware","RequestId":"0HMSLR27NL7U8:00000003","RequestPath":"/api/auth/token/refresh","ConnectionId":"0HMSLR27NL7U8","Application":"Effortless.Api"}}
{"Timestamp":"2023-08-05T22:53:24.9255259+05:00","Level":"Error","MessageTemplate":"An unhandled exception has occurred while executing the request.","Exception":"System.Exception: auth.invalidrefreshtoken\r\n   at Effortless.Core.Services.Jwt.JwtService.RenewTokens(UserEntity appUser, String token, String refreshToken) in D:\\Innovators Brains\\Effortless\\src\\Effortless.Core\\Services\\Jwt\\JwtService.cs:line 68\r\n   at Effortless.Api.Features.Auth.Token.TokenHandler.RenewTokensAsync(RefreshTokenRequest request) in D:\\Innovators Brains\\Effortless\\src\\Effortless.Api\\Features\\Auth\\Token\\TokenHandler.cs:line 48\r\n   at Effortless.Api.Features.Auth.AuthEndpoints.RefreshToken(ITokenHandler tokenHandler, RefreshTokenRequest request) in D:\\Innovators Brains\\Effortless\\src\\Effortless.Api\\Features\\Auth\\AuthEndpoints.cs:line 106\r\n   at Microsoft.AspNetCore.Http.RequestDelegateFactory.<TaskOfTToValueTaskOfObject>g__ExecuteAwaited|90_0[T](Task`1 task)\r\n   at Effortless.Core.Filters.FluentValidationFilter`1.InvokeAsync(EndpointFilterInvocationContext context, EndpointFilterDelegate next) in D:\\Innovators Brains\\Effortless\\src\\Effortless.Core\\Filters\\FluentValidationFilter.cs:line 44\r\n   at Microsoft.AspNetCore.Http.RequestDelegateFactory.<ExecuteValueTaskOfObject>g__ExecuteAwaited|124_0(ValueTask`1 valueTask, HttpContext httpContext, JsonTypeInfo`1 jsonTypeInfo)\r\n   at Microsoft.AspNetCore.Http.RequestDelegateFactory.<>c__DisplayClass100_2.<<HandleRequestBodyAndCompileRequestDelegateForJson>b__2>d.MoveNext()\r\n--- End of stack trace from previous location ---\r\n   at Microsoft.AspNetCore.Authorization.AuthorizationMiddleware.Invoke(HttpContext context)\r\n   at Microsoft.AspNetCore.Authentication.AuthenticationMiddleware.Invoke(HttpContext context)\r\n   at Swashbuckle.AspNetCore.SwaggerUI.SwaggerUIMiddleware.Invoke(HttpContext httpContext)\r\n   at Swashbuckle.AspNetCore.Swagger.SwaggerMiddleware.Invoke(HttpContext httpContext, ISwaggerProvider swaggerProvider)\r\n   at Microsoft.AspNetCore.Diagnostics.DeveloperExceptionPageMiddlewareImpl.Invoke(HttpContext context)","Properties":{"EventId":{"Id":1,"Name":"UnhandledException"},"SourceContext":"Microsoft.AspNetCore.Diagnostics.DeveloperExceptionPageMiddleware","RequestId":"0HMSLRIJGI3GA:00000009","RequestPath":"/api/auth/token/refresh","ConnectionId":"0HMSLRIJGI3GA","Application":"Effortless.Api"}}
{"Timestamp":"2023-08-05T22:54:13.4642462+05:00","Level":"Error","MessageTemplate":"An unhandled exception has occurred while executing the request.","Exception":"System.Exception: auth.invalidrefreshtoken\r\n   at Effortless.Core.Services.Jwt.JwtService.RenewTokens(UserEntity appUser, String token, String refreshToken) in D:\\Innovators Brains\\Effortless\\src\\Effortless.Core\\Services\\Jwt\\JwtService.cs:line 68\r\n   at Effortless.Api.Features.Auth.Token.TokenHandler.RenewTokensAsync(RefreshTokenRequest request) in D:\\Innovators Brains\\Effortless\\src\\Effortless.Api\\Features\\Auth\\Token\\TokenHandler.cs:line 48\r\n   at Effortless.Api.Features.Auth.AuthEndpoints.RefreshToken(ITokenHandler tokenHandler, RefreshTokenRequest request) in D:\\Innovators Brains\\Effortless\\src\\Effortless.Api\\Features\\Auth\\AuthEndpoints.cs:line 106\r\n   at Microsoft.AspNetCore.Http.RequestDelegateFactory.<TaskOfTToValueTaskOfObject>g__ExecuteAwaited|90_0[T](Task`1 task)\r\n   at Effortless.Core.Filters.FluentValidationFilter`1.InvokeAsync(EndpointFilterInvocationContext context, EndpointFilterDelegate next) in D:\\Innovators Brains\\Effortless\\src\\Effortless.Core\\Filters\\FluentValidationFilter.cs:line 44\r\n   at Microsoft.AspNetCore.Http.RequestDelegateFactory.<ExecuteValueTaskOfObject>g__ExecuteAwaited|124_0(ValueTask`1 valueTask, HttpContext httpContext, JsonTypeInfo`1 jsonTypeInfo)\r\n   at Microsoft.AspNetCore.Http.RequestDelegateFactory.<>c__DisplayClass100_2.<<HandleRequestBodyAndCompileRequestDelegateForJson>b__2>d.MoveNext()\r\n--- End of stack trace from previous location ---\r\n   at Microsoft.AspNetCore.Authorization.AuthorizationMiddleware.Invoke(HttpContext context)\r\n   at Microsoft.AspNetCore.Authentication.AuthenticationMiddleware.Invoke(HttpContext context)\r\n   at Swashbuckle.AspNetCore.SwaggerUI.SwaggerUIMiddleware.Invoke(HttpContext httpContext)\r\n   at Swashbuckle.AspNetCore.Swagger.SwaggerMiddleware.Invoke(HttpContext httpContext, ISwaggerProvider swaggerProvider)\r\n   at Microsoft.AspNetCore.Diagnostics.DeveloperExceptionPageMiddlewareImpl.Invoke(HttpContext context)","Properties":{"EventId":{"Id":1,"Name":"UnhandledException"},"SourceContext":"Microsoft.AspNetCore.Diagnostics.DeveloperExceptionPageMiddleware","RequestId":"0HMSLRIJGI3GA:0000000B","RequestPath":"/api/auth/token/refresh","ConnectionId":"0HMSLRIJGI3GA","Application":"Effortless.Api"}}
