{"Timestamp":"2023-08-09T00:48:03.8436539+05:00","Level":"Error","MessageTemplate":"An unhandled exception has occurred while executing the request.","Exception":"System.InvalidOperationException: No converter registered for type 'Microsoft.AspNetCore.Http.IFormFile'.\r\n   at Microsoft.AspNetCore.Components.Endpoints.Binding.FormDataMapperOptions.CreateConverter(Type type, FormDataMapperOptions options)\r\n   at System.Collections.Concurrent.ConcurrentDictionary`2.GetOrAdd[TArg](TKey key, Func`3 valueFactory, TArg factoryArgument)\r\n   at Microsoft.AspNetCore.Components.Endpoints.Binding.ComplexTypeConverterFactory.CanConvert(Type type, FormDataMapperOptions options)\r\n   at Microsoft.AspNetCore.Components.Endpoints.Binding.FormDataMapperOptions.<>c.<.ctor>b__2_4(Type type, FormDataMapperOptions options)\r\n   at Microsoft.AspNetCore.Components.Endpoints.Binding.FormDataMapperOptions.CreateConverter(Type type, FormDataMapperOptions options)\r\n   at System.Collections.Concurrent.ConcurrentDictionary`2.GetOrAdd[TArg](TKey key, Func`3 valueFactory, TArg factoryArgument)\r\n   at Microsoft.AspNetCore.Components.Endpoints.Binding.FormDataMapperOptions.ResolveConverter[T]()\r\n   at lambda_method21(Closure, Object, HttpContext, Object)\r\n   at Microsoft.AspNetCore.Http.RequestDelegateFactory.<>c__DisplayClass102_2.<<HandleRequestBodyAndCompileRequestDelegateForForm>b__2>d.MoveNext()\r\n--- End of stack trace from previous location ---\r\n   at Microsoft.AspNetCore.Authorization.AuthorizationMiddleware.Invoke(HttpContext context)\r\n   at Microsoft.AspNetCore.Authentication.AuthenticationMiddleware.Invoke(HttpContext context)\r\n   at Swashbuckle.AspNetCore.SwaggerUI.SwaggerUIMiddleware.Invoke(HttpContext httpContext)\r\n   at Swashbuckle.AspNetCore.Swagger.SwaggerMiddleware.Invoke(HttpContext httpContext, ISwaggerProvider swaggerProvider)\r\n   at Microsoft.AspNetCore.Diagnostics.DeveloperExceptionPageMiddlewareImpl.Invoke(HttpContext context)","Properties":{"EventId":{"Id":1,"Name":"UnhandledException"},"SourceContext":"Microsoft.AspNetCore.Diagnostics.DeveloperExceptionPageMiddleware","RequestId":"0HMSO903PR2S0:00000001","RequestPath":"/api/auth/login","ConnectionId":"0HMSO903PR2S0","Application":"Effortless.Api"}}
