[
  {
    "outputFileName": "wwwroot/css/site.min.css",
    "inputFiles": [
      "wwwroot/lib/bootstrap/css/bootstrap.min.css",
      "wwwroot/lib/fontawesome/css/all.min.css",
      "wwwroot/lib/swiper-master/css/swiper.min.css",
      "wwwroot/lib/flag-strap/css/flags.css",
      "wwwroot/lib/flag-icon-css/css/flag-icon.min.css",
      "wwwroot/lib/intl-tel-input/css/intlTelInput.min.css",
      "wwwroot/lib/select2/css/select2.min.css",
      "wwwroot/css/fonts.css",
      "wwwroot/css/common.css",
      "wwwroot/css/banners.css",
      "wwwroot/css/style.css",
      "wwwroot/css/media-queries.css",
      "wwwroot/lib/intl-tel-input/css/intlTelInput.css"
    ]
  },
  {
    "outputFileName": "wwwroot/css/landing-page.min.css",
    "inputFiles": [
      "wwwroot/css/country-landing.css"
    ]
  },
  {
    "outputFileName": "wwwroot/lib/datatable/data-table.min.css",
    "inputFiles": [
      "wwwroot/lib/datatable/data-table.css",
      "wwwroot/lib/datatable/data-table-responsiveness.css"
    ]
  },
  {
    "outputFileName": "wwwroot/css/screens/style.min.css",
    "inputFiles": [
      "wwwroot/css/screens/style.css"
    ]
  },
  {
    "outputFileName": "wwwroot/js/site.min.js",
    "inputFiles": [
      "wwwroot/lib/jquery/jquery.js",
      "wwwroot/lib/jquery-validation/dist/jquery.validate.js",
      "wwwroot/lib/jquery-validation-unobtrusive/jquery.validate.unobtrusive.js",
      "wwwroot/lib/bootstrap/js/bootstrap.bundle.min.js",
      "wwwroot/lib/swiper-master/js/swiper.min.js",
      "wwwroot/js/Custom/Airship.js",
      "wwwroot/js/script.js"
    ],
    "minify": {
      "enabled": true,
      "renameLocals": true
    },
    "sourceMap": false
  },
  {
    "outputFileName": "wwwroot/js/landing-page.min.js",
    "inputFiles": [
      "wwwroot/lib/jquery/jquery.js",
      "wwwroot/lib/bootstrap/js/bootstrap.bundle.min.js",
      "wwwroot/lib/swiper-master/js/swiper.min.js",
      "wwwroot/lib/select2/js/select2.min.js",
      "wwwroot/js/landing-page.js",
      "wwwroot/js/Custom/Airship.js",
      "wwwroot/js/script.js"
    ],
    "minify": {
      "enabled": true,
      "renameLocals": true
    },
    "sourceMap": false
  },
  {
    "outputFileName": "wwwroot/js/Custom/send-credit.min.js",
    "inputFiles": [
      "wwwroot/lib/intl-tel-input/js/es-6-promise.js",
      "wwwroot/lib/intl-tel-input/js/intlTelInput.js",
      "wwwroot/lib/jquery-validation/dist/jquery.validate.js",
      "wwwroot/lib/jquery-validation-unobtrusive/jquery.validate.unobtrusive.js",
      "wwwroot/js/Custom/send-credit.js"
    ],
    "minify": {
      "enabled": true,
      "renameLocals": true
    },
    "sourceMap": false
  },

  {
    "outputFileName": "wwwroot/js/Custom/log-in.min.js",
    "inputFiles": [
      "wwwroot/lib/intl-tel-input/js/es-6-promise.js",
      "wwwroot/lib/intl-tel-input/js/intlTelInput.js",
      "wwwroot/lib/jquery-validation/dist/jquery.validate.js",
      "wwwroot/lib/jquery-validation-unobtrusive/jquery.validate.unobtrusive.js",
      "wwwroot/js/Custom/log-in.js"
    ],
    "minify": {
      "enabled": true,
      "renameLocals": true
    },
    "sourceMap": false
  },
  {
    "outputFileName": "wwwroot/js/Custom/sign-up.min.js",
    "inputFiles": [
      "wwwroot/lib/intl-tel-input/js/es-6-promise.js",
      "wwwroot/lib/intl-tel-input/js/intlTelInput.js",
      "wwwroot/lib/jquery-validation/dist/jquery.validate.js",
      "wwwroot/lib/jquery-validation-unobtrusive/jquery.validate.unobtrusive.js",
      "wwwroot/js/Custom/sign-up.js"
    ],
    "minify": {
      "enabled": true,
      "renameLocals": true
    },
    "sourceMap": false
  },
  {
    "outputFileName": "wwwroot/js/Custom/verify-code.min.js",
    "inputFiles": [
      "wwwroot/js/Custom/verify-code.js"
    ],
    "minify": {
      "enabled": true,
      "renameLocals": true
    },
    "sourceMap": false
  },
  {
    "outputFileName": "wwwroot/js/Custom/index.min.js",
    "inputFiles": [
      "wwwroot/js/Custom/index.js",
      "wwwroot/lib/intl-tel-input/js/intlTelInput.min.js"
    ],
    "minify": {
      "enabled": true,
      "renameLocals": true
    },
    "sourceMap": false
  },
  {
    "outputFileName": "wwwroot/js/Custom/account-details.min.js",
    "inputFiles": [
      "wwwroot/js/Custom/account-details.js"
    ],
    "minify": {
      "enabled": true,
      "renameLocals": true
    },
    "sourceMap": false
  },
  {
    "outputFileName": "wwwroot/js/Custom/update-details.min.js",
    "inputFiles": [
      "wwwroot/js/Custom/update-details.js"
    ],
    "minify": {
      "enabled": true,
      "renameLocals": true
    },
    "sourceMap": false
  },

  {
    "outputFileName": "wwwroot/js/Custom/account-summary.min.js",
    "inputFiles": [
      "wwwroot/lib/datatable/datatable.min.js",
      "wwwroot/lib/datatable/datatable.responsive.min.js",
      "wwwroot/lib/datatable/datatable-bootstrap4.min.js",
      "wwwroot/lib/datatable/datatable.buttons.min.js",
      "wwwroot/lib/datatable/datatable.print.min.js",
      "wwwroot/js/Custom/account-summary.js",
      "wwwroot/js/Custom/payment-methods.js"
    ],
    "minify": {
      "enabled": true,
      "renameLocals": true
    },
    "sourceMap": false
  },
  {
    "outputFileName": "wwwroot/js/Custom/checkout.min.js",
    "inputFiles": [
      "wwwroot/js/Custom/checkout.js"
    ],
    "minify": {
      "enabled": true,
      "renameLocals": true
    },
    "sourceMap": false
  },
  {
    "outputFileName": "wwwroot/js/Custom/bundles.min.js",
    "inputFiles": [
      "wwwroot/lib/flag-strap/js/jquery.flagstrap.min.js",
      "wwwroot/js/Custom/bundles.js"
    ],
    "minify": {
      "enabled": true,
      "renameLocals": true
    },
    "sourceMap": false
  },
  {
    "outputFileName": "wwwroot/js/Custom/rates.min.js",
    "inputFiles": [
      "wwwroot/lib/select2/js/select2.full.min.js",
      "wwwroot/js/Custom/rates.js"
    ],
    "minify": {
      "enabled": true,
      "renameLocals": true
    },
    "sourceMap": false
  },
  {
    "outputFileName": "wwwroot/PSLLandingPage/css/psl-landing-page.min.css",
    "inputFiles": [
      "wwwroot/PSLLandingPage/lib/bootstrap-5.1.3-dist/css/bootstrap.min.css",
      "wwwroot/PSLLandingPage/lib/fontawesome-free-6.0.0-beta3-web/css/all.min.css",
      "wwwroot/PSLLandingPage/css/owl.carousel.min.css",
      "wwwroot/PSLLandingPage/css/owl.theme.default.min.css",
      "wwwroot/PSLLandingPage/style.css"
    ]
  },
  {
    "outputFileName": "wwwroot/PSLLandingPage/js/psl-landing-page.min.js",
    "inputFiles": [
      "wwwroot/PSLLandingPage/js/jquery.min.js",
      "wwwroot/PSLLandingPage/lib/bootstrap-5.1.3-dist/js/bootstrap.min.js",
      "wwwroot/PSLLandingPage/js/owl.carousel.min.js"
    ],
    "minify": {
      "enabled": false,
      "renameLocals": true
    },
    "sourceMap": false
  },
  {
    "outputFileName": "wwwroot/js/Custom/promotion.min.js",
    "inputFiles": [
      "wwwroot/lib/flag-strap/js/jquery.flagstrap.min.js",
      "wwwroot/js/Custom/Promotion.js"
    ],
    "minify": {
      "enabled": false,
      "renameLocals": true
    },
    "sourceMap": false
  }
]