[
  {
    "outputFileName": "wwwroot/assets/js/helperjs/Orderrecharablecallingcard.min.js",
    "inputFiles": [
      "wwwroot/assets/js/helperjs/Orderrecharablecallingcard.js"
    ]
  },
  {
    "outputFileName": "wwwroot/assets/js/helperjs/account.min.js",
    "inputFiles": [
      "wwwroot/assets/js/helperjs/account.js"
    ]
  },
  {
    "outputFileName": "wwwroot/assets/js/helperjs/verifypincode.min.js",
    "inputFiles": [
      "wwwroot/assets/js/helperjs/verifypincode.js"
    ]
  },
  {
    "outputFileName": "wwwroot/assets/js/helperjs/ResetUserPassword.min.js",
    "inputFiles": [
      "wwwroot/assets/js/helperjs/ResetUserPassword.js"
    ]
  },
  {
    "outputFileName": "wwwroot/assets/js/helperjs/login.min.js",
    "inputFiles": [
      "wwwroot/assets/js/helperjs/login.js"
    ]
  },
  {
    "outputFileName": "wwwroot/assets/js/helperjs/newcallingcard.min.js",
    "inputFiles": [
      "wwwroot/assets/js/helperjs/newcallingcard.js"
    ]
  },
  {
    "outputFileName": "wwwroot/assets/js/helperjs/accountsummary.min.js",
    "inputFiles": [
      "wwwroot/assets/js/helperjs/accountsummary.js"
    ]
  },
  {
    "outputFileName": "wwwroot/assets/js/helperjs/addproduct.min.js",
    "inputFiles": [
      "wwwroot/assets/js/helperjs/addproduct.js"
    ]
  },
  {
    "outputFileName": "wwwroot/assets/js/helperjs/resetforgotpassword.min.js",
    "inputFiles": [
      "wwwroot/assets/js/helperjs/resetforgotpassword.js"
    ]
  },
  {
    "outputFileName": "wwwroot/assets/js/helperjs/checkout.min.js",
    "inputFiles": [
      "wwwroot/assets/js/helperjs/checkout.js"
    ]
  },
  {
    "outputFileName": "wwwroot/assets/js/helperjs/rates.min.js",
    "inputFiles": [
      "wwwroot/assets/js/helperjs/rates.js"
    ]
  },
  {
    "outputFileName": "wwwroot/assets/js/helperjs/paymentmethod.min.js",
    "inputFiles": [
      "wwwroot/assets/js/helperjs/paymentmethod.js"
    ]
  },
  {
    "outputFileName": "wwwroot/assets/js/external.min.js",
    "inputFiles": [
      "wwwroot/assets/js/jquery-3.4.1.min.js",
      "wwwroot/assets/lib/bootstrap/js/bootstrap.min.js",
      "wwwroot/assets/lib/swiper-master/js/swiper.min.js",
      "wwwroot/assets/lib/select2/js/select2.min.js",
      "wwwroot/assets/lib/tippy/popper.min.js",
      "wwwroot/assets/lib/tippy/tippy.min.js",
      "wwwroot/assets/lib/jquery-validation/dist/jquery.validate.min.js",
      "wwwroot/assets/lib/jquery-validation-unobtrusive/jquery.validate.unobtrusive.min.js",
      "wwwroot/assets/js/helperjs/script.js",
      "wwwroot/assets/js/script.js"
    ]
  },
  {
    "outputFileName": "wwwroot/assets/css/main.min.css",
    "inputFiles": [
      "wwwroot/assets/lib/bootstrap/css/bootstrap.min.css",
      "wwwroot/assets/lib/swiper-master/css/swiper.min.css",
      "wwwroot/assets/lib/fontawesome/css/all.min.css",
      "wwwroot/assets/lib/select2/css/select2.min.css",
      "wwwroot/assets/css/fonts.css",
      "wwwroot/assets/css/banners.css",
      "wwwroot/assets/css/base.css",
      "wwwroot/assets/css/layout.css",
      "wwwroot/assets/css/prime.css",
      "wwwroot/assets/css/style.css",
      "wwwroot/assets/css/media-queries.css"
    ]
  },
  {
    "outputFileName": "wwwroot/assets/js/airship/airship.min.js",
    "inputFiles": [
      "wwwroot/assets/js/airship/airship.js"
    ]
  }
]
