[
  {
    "outputFileName": "wwwroot/css/main.min.css",
    "inputFiles": [
      "wwwroot/css/googlefonts.css",
      "wwwroot/css/bootstrap.css",
      "wwwroot/css/stylesheet.css",
      "wwwroot/css/toggle-btn.css",
      "wwwroot/fonts/fontawesome/css/all.css",
      "wwwroot/js/slick/slick-settings.css",
      "wwwroot/js/owl-carousel/owl.theme.default.min.css",
      "wwwroot/js/owl-carousel/owl.carousel.min.css",
      "wwwroot/js/owl-carousel/owl.carousel.min.css",
      "wwwroot/js/magnific-popup/magnific-popup.css",
      "wwwroot/js/magnific-popup/dialog-with-css-animation.css",
      "wwwroot/lib/bootstrap-toggle/bootstrap-toggle.css"
    ]
  },
  {
    "outputFileName": "wwwroot/js/main.min.js",
    "inputFiles": [
      "wwwroot/js/jquery-1.12.4/jquery.min.js",
      "wwwroot/lib/jquery-validation/dist/jquery.validate.min.js",
      "wwwroot/lib/jquery-validation-unobtrusive/jquery.validate.unobtrusive.min.js",
      "wwwroot/js/popper.js",
      "wwwroot/js/bootstrap.min.js",
      "wwwroot/lib/bootstrap-toggle/bootstrap-toggle.js",
      "wwwroot/js/owl-carousel/owl.carousel.min.js",
      "wwwroot/js/slick/slick.min.js",
      "wwwroot/js/sticky/jquery.sticky.js",
      "wwwroot/js/magnific-popup/jquery.magnific-popup.min.js",
      "wwwroot/js/custom/custom.js",
      "wwwroot/js/sociallogins.js",
      "wwwroot/js/home.js"
    ]
  },
  {
    "outputFileName": "wwwroot/js/custom/accountsummary.min.js",
    "inputFiles": [
      "wwwroot/lib/data-table/datatable.min.js",
      "wwwroot/lib/data-table/datatable-bootstrap4.min.js",
      "wwwroot/lib/data-table/datatable.responsive.min.js",
      "wwwroot/js/custom/accountsummary.js"
    ]
  },
  {
    "outputFileName": "wwwroot/css/porting.min.css",
    "inputFiles": [
      "wwwroot/lib/toaster/toaster.css",
      "wwwroot/css/porting.css"
    ]
  },
  {
    "outputFileName": "wwwroot/js/custom/portingdetail.min.js",
    "inputFiles": [
      "wwwroot/lib/toaster/toaster.js",
      "wwwroot/js/custom/portingdetail.js"
    ]
  },
  {
    "outputFileName": "wwwroot/js/custom/ordersim.min.js",
    "inputFiles": [
      "wwwroot/js/custom/ordersim.js"
    ]
  },
  {
    "outputFileName": "wwwroot/js/custom/checkout.min.js",
    "inputFiles": [
      "wwwroot/js/custom/checkout.js"
    ]
  },
  {
    "outputFileName": "wwwroot/js/custom/bundleautorenewal.min.js",
    "inputFiles": [
      "wwwroot/js/custom/bundleautorenewal.js"
    ]
  },
  {
    "outputFileName": "wwwroot/css/404main.min.css",
    "inputFiles": [
      "wwwroot/css/bootstrap.css",
      "wwwroot/css/stylesheet.css"
    ]
  },
  {
    "outputFileName": "wwwroot/js/TwoForOne.min.js",
    "inputFiles": [
      "wwwroot/js/jquery-1.12.4/jquery.min.js",
      "wwwroot/js/bootstrap.min.js",
      "wwwroot/js/TwoForOne.js"
    ]
  },
  {
    "outputFileName": "wwwroot/css/TwoForOne.min.css",
    "inputFiles": [
      "wwwroot/css/googlefonts.css",
      "wwwroot/css/bootstrap.css",
      "wwwroot/css/stylesheet.css",
      "wwwroot/fonts/fontawesome/css/all.css"
    ]
  },
  {
    "outputFileName": "wwwroot/css/LandingPage.min.css",
    "inputFiles": [
      "wwwroot/css/googlefonts.css",
      "wwwroot/css/bootstrap.css",
      "wwwroot/css/stylesheet.css",
      "wwwroot/fonts/fontawesome/css/all.css",
      "wwwroot/css/landing-pages.css"
    ]
  },
  {
    "outputFileName": "wwwroot/js/LandingPages.min.js",
    "inputFiles": [
      "wwwroot/js/jquery-1.12.4/jquery.min.js",
      "wwwroot/js/bootstrap.min.js"
    ]
  }
]
