[
  {
    "Id": 9,
    "Name": "Afghanistan",
    "PhoneCode": "93",
    "IsoTwoCharacterCode": "AF",
    "IsoThreeCharacterCode": "AFG",
    "IsoNumericCode": "4",
    "IsNational": false,
    "IsActive": true


  },
  {
    "Id": 21,
    "Name": "Aland Islands",
    "PhoneCode": "358",
    "IsoTwoCharacterCode": "AX",
    "IsoThreeCharacterCode": "ALA",
    "IsoNumericCode": "248",
    "IsNational": false,
    "IsActive": false
  },
  {
    "Id": 12,
    "Name": "Albania",
    "PhoneCode": "355",
    "IsoTwoCharacterCode": "AL",
    "IsoThreeCharacterCode": "ALB",
    "IsoNumericCode": "8",
    "IsNational": false,
    "IsActive": true
  },
  {
    "Id": 67,
    "Name": "Algeria",
    "PhoneCode": "213",
    "IsoTwoCharacterCode": "DZ",
    "IsoThreeCharacterCode": "DZA",
    "IsoNumericCode": "12",
    "IsNational": false,
    "IsActive": true
  },
  {
    "Id": 17,
    "Name": "American Samoa",
    "PhoneCode": "1684",
    "IsoTwoCharacterCode": "AS",
    "IsoThreeCharacterCode": "ASM",
    "IsoNumericCode": "16",
    "IsNational": false,
    "IsActive": true
  },
  {
    "Id": 7,
    "Name": "Andorra",
    "PhoneCode": "376",
    "IsoTwoCharacterCode": "AD",
    "IsoThreeCharacterCode": "AND",
    "IsoNumericCode": "20",
    "IsNational": false,
    "IsActive": true
  },
  {
    "Id": 14,
    "Name": "Angola",
    "PhoneCode": "244",
    "IsoTwoCharacterCode": "AO",
    "IsoThreeCharacterCode": "AGO",
    "IsoNumericCode": "24",
    "IsNational": false,
    "IsActive": true
  },
  {
    "Id": 11,
    "Name": "Anguilla",
    "PhoneCode": "1264",
    "IsoTwoCharacterCode": "AI",
    "IsoThreeCharacterCode": "AIA",
    "IsoNumericCode": "660",
    "IsNational": false,
    "IsActive": true
  },
  {
    "Id": 15,
    "Name": "Antarctica",
    "PhoneCode": "672",
    "IsoTwoCharacterCode": "AQ",
    "IsoThreeCharacterCode": "ATA",
    "IsoNumericCode": "010",
    "IsNational": false,
    "IsActive": true
  },
  {
    "Id": 10,
    "Name": "Antigua and Barbuda",
    "PhoneCode": "1268",
    "IsoTwoCharacterCode": "AG",
    "IsoThreeCharacterCode": "ATG",
    "IsoNumericCode": "28",
    "IsNational": false,
    "IsActive": true
  },
  {
    "Id": 16,
    "Name": "Argentina",
    "PhoneCode": "54",
    "IsoTwoCharacterCode": "AR",
    "IsoThreeCharacterCode": "ARG",
    "IsoNumericCode": "32",
    "IsNational": false,
    "IsActive": true
  },
  {
    "Id": 13,
    "Name": "Armenia",
    "PhoneCode": "374",
    "IsoTwoCharacterCode": "AM",
    "IsoThreeCharacterCode": "ARM",
    "IsoNumericCode": "51",
    "IsNational": false,
    "IsActive": true
  },
  {
    "Id": 20,
    "Name": "Aruba",
    "PhoneCode": "297",
    "IsoTwoCharacterCode": "AW",
    "IsoThreeCharacterCode": "ABW",
    "IsoNumericCode": "533",
    "IsNational": false,
    "IsActive": true
  },
  {
    "Id": 19,
    "Name": "Australia",
    "PhoneCode": "61",
    "IsoTwoCharacterCode": "AU",
    "IsoThreeCharacterCode": "AUS",
    "IsoNumericCode": "36",
    "IsNational": false,
    "IsActive": true
  },
  {
    "Id": 18,
    "Name": "Austria",
    "PhoneCode": "43",
    "IsoTwoCharacterCode": "AT",
    "IsoThreeCharacterCode": "AUT",
    "IsoNumericCode": "40",
    "IsNational": false,
    "IsActive": true
  },
  {
    "Id": 22,
    "Name": "Azerbaijan",
    "PhoneCode": "994",
    "IsoTwoCharacterCode": "AZ",
    "IsoThreeCharacterCode": "AZE",
    "IsoNumericCode": "31",
    "IsNational": false,
    "IsActive": true
  },
  {
    "Id": 38,
    "Name": "Bahamas",
    "PhoneCode": "1242",
    "IsoTwoCharacterCode": "BS",
    "IsoThreeCharacterCode": "BHS",
    "IsoNumericCode": "44",
    "IsNational": false,
    "IsActive": true
  },
  {
    "Id": 29,
    "Name": "Bahrain",
    "PhoneCode": "973",
    "IsoTwoCharacterCode": "BH",
    "IsoThreeCharacterCode": "BHR",
    "IsoNumericCode": "48",
    "IsNational": false,
    "IsActive": true
  },
  {
    "Id": 25,
    "Name": "Bangladesh",
    "PhoneCode": "880",
    "IsoTwoCharacterCode": "BD",
    "IsoThreeCharacterCode": "BGD",
    "IsoNumericCode": "50",
    "IsNational": false,
    "IsActive": true
  },
  {
    "Id": 24,
    "Name": "Barbados",
    "PhoneCode": "1246",
    "IsoTwoCharacterCode": "BB",
    "IsoThreeCharacterCode": "BRB",
    "IsoNumericCode": "52",
    "IsNational": false,
    "IsActive": true
  },
  {
    "Id": 42,
    "Name": "Belarus",
    "PhoneCode": "375",
    "IsoTwoCharacterCode": "BY",
    "IsoThreeCharacterCode": "BLR",
    "IsoNumericCode": "112",
    "IsNational": false,
    "IsActive": true
  },
  {
    "Id": 26,
    "Name": "Belgium",
    "PhoneCode": "32",
    "IsoTwoCharacterCode": "BE",
    "IsoThreeCharacterCode": "BEL",
    "IsoNumericCode": "56",
    "IsNational": false,
    "IsActive": true
  },
  {
    "Id": 43,
    "Name": "Belize",
    "PhoneCode": "501",
    "IsoTwoCharacterCode": "BZ",
    "IsoThreeCharacterCode": "BLZ",
    "IsoNumericCode": "84",
    "IsNational": false,
    "IsActive": true
  },
  {
    "Id": 31,
    "Name": "Benin",
    "PhoneCode": "229",
    "IsoTwoCharacterCode": "BJ",
    "IsoThreeCharacterCode": "BEN",
    "IsoNumericCode": "204",
    "IsNational": false,
    "IsActive": true
  },
  {
    "Id": 33,
    "Name": "Bermuda",
    "PhoneCode": "1441",
    "IsoTwoCharacterCode": "BM",
    "IsoThreeCharacterCode": "BMU",
    "IsoNumericCode": "60",
    "IsNational": false,
    "IsActive": true
  },
  {
    "Id": 39,
    "Name": "Bhutan",
    "PhoneCode": "975",
    "IsoTwoCharacterCode": "BT",
    "IsoThreeCharacterCode": "BTN",
    "IsoNumericCode": "64",
    "IsNational": false,
    "IsActive": true
  },
  {
    "Id": 35,
    "Name": "Bolivia",
    "PhoneCode": "591",
    "IsoTwoCharacterCode": "BO",
    "IsoThreeCharacterCode": "BOL",
    "IsoNumericCode": "68",
    "IsNational": false,
    "IsActive": true
  },
  {
    "Id": 36,
    "Name": "Bonaire, Sint Eustatius and Saba",
    "PhoneCode": "599",
    "IsoTwoCharacterCode": "BQ",
    "IsoThreeCharacterCode": "BES",
    "IsoNumericCode": "535",
    "IsNational": false,
    "IsActive": false
  },
  {
    "Id": 23,
    "Name": "Bosnia and Herzegovina",
    "PhoneCode": "387",
    "IsoTwoCharacterCode": "BA",
    "IsoThreeCharacterCode": "BIH",
    "IsoNumericCode": "70",
    "IsNational": false,
    "IsActive": true
  },
  {
    "Id": 41,
    "Name": "Botswana",
    "PhoneCode": "267",
    "IsoTwoCharacterCode": "BW",
    "IsoThreeCharacterCode": "BWA",
    "IsoNumericCode": "72",
    "IsNational": false,
    "IsActive": true
  },
  {
    "Id": 40,
    "Name": "Bouvet Island",
    "PhoneCode": "55",
    "IsoTwoCharacterCode": "BV",
    "IsoThreeCharacterCode": "BVT",
    "IsoNumericCode": "74",
    "IsNational": false,
    "IsActive": false
  },
  {
    "Id": 37,
    "Name": "Brazil",
    "PhoneCode": "55",
    "IsoTwoCharacterCode": "BR",
    "IsoThreeCharacterCode": "BRA",
    "IsoNumericCode": "76",
    "IsNational": false,
    "IsActive": true
  },
  {
    "Id": 109,
    "Name": "British Indian Ocean Territory",
    "PhoneCode": "246",
    "IsoTwoCharacterCode": "IO",
    "IsoThreeCharacterCode": "IOT",
    "IsoNumericCode": "86",
    "IsNational": false,
    "IsActive": false
  },
  {
    "Id": 239,
    "Name": "British Virgin Islands",
    "PhoneCode": "1284",
    "IsoTwoCharacterCode": "VG",
    "IsoThreeCharacterCode": "VGB",
    "IsoNumericCode": "92",
    "IsNational": false,
    "IsActive": true
  },
  {
    "Id": 34,
    "Name": "Brunei Darussalam",
    "PhoneCode": "673",
    "IsoTwoCharacterCode": "BN",
    "IsoThreeCharacterCode": "BRN",
    "IsoNumericCode": "96",
    "IsNational": false,
    "IsActive": true
  },
  {
    "Id": 28,
    "Name": "Bulgaria",
    "PhoneCode": "359",
    "IsoTwoCharacterCode": "BG",
    "IsoThreeCharacterCode": "BGR",
    "IsoNumericCode": "100",
    "IsNational": false,
    "IsActive": true
  },
  {
    "Id": 27,
    "Name": "Burkina Faso",
    "PhoneCode": "226",
    "IsoTwoCharacterCode": "BF",
    "IsoThreeCharacterCode": "BFA",
    "IsoNumericCode": "854",
    "IsNational": false,
    "IsActive": true
  },
  {
    "Id": 30,
    "Name": "Burundi",
    "PhoneCode": "257",
    "IsoTwoCharacterCode": "BI",
    "IsoThreeCharacterCode": "BDI",
    "IsoNumericCode": "108",
    "IsNational": false,
    "IsActive": true
  },
  {
    "Id": 57,
    "Name": "Cabo Verde",
    "PhoneCode": "238",
    "IsoTwoCharacterCode": "CV",
    "IsoThreeCharacterCode": "CPV",
    "IsoNumericCode": "132",
    "IsNational": false,
    "IsActive": true
  },
  {
    "Id": 120,
    "Name": "Cambodia",
    "PhoneCode": "855",
    "IsoTwoCharacterCode": "KH",
    "IsoThreeCharacterCode": "KHM",
    "IsoNumericCode": "116",
    "IsNational": false,
    "IsActive": true
  },
  {
    "Id": 53,
    "Name": "Cameroon",
    "PhoneCode": "237",
    "IsoTwoCharacterCode": "CM",
    "IsoThreeCharacterCode": "CMR",
    "IsoNumericCode": "120",
    "IsNational": false,
    "IsActive": true
  },
  {
    "Id": 44,
    "Name": "Canada",
    "PhoneCode": "1",
    "IsoTwoCharacterCode": "CA",
    "IsoThreeCharacterCode": "CAN",
    "IsoNumericCode": "124",
    "IsNational": false,
    "IsActive": true
  },
  {
    "Id": 127,
    "Name": "Cayman Island",
    "PhoneCode": "1345",
    "IsoTwoCharacterCode": "KY",
    "IsoThreeCharacterCode": "CYM",
    "IsoNumericCode": "136",
    "IsNational": false,
    "IsActive": true
  },
  {
    "Id": 47,
    "Name": "Central African Republic",
    "PhoneCode": "236",
    "IsoTwoCharacterCode": "CF",
    "IsoThreeCharacterCode": "CAF",
    "IsoNumericCode": "140",
    "IsNational": false,
    "IsActive": true
  },
  {
    "Id": 216,
    "Name": "Chad",
    "PhoneCode": "235",
    "IsoTwoCharacterCode": "TD",
    "IsoThreeCharacterCode": "TCD",
    "IsoNumericCode": "148",
    "IsNational": false,
    "IsActive": true
  },
  {
    "Id": 52,
    "Name": "Chile",
    "PhoneCode": "56",
    "IsoTwoCharacterCode": "CL",
    "IsoThreeCharacterCode": "CHL",
    "IsoNumericCode": "152",
    "IsNational": false,
    "IsActive": true
  },
  {
    "Id": 3,
    "Name": "China",
    "PhoneCode": "86",
    "IsoTwoCharacterCode": "CN",
    "IsoThreeCharacterCode": "CHN",
    "IsoNumericCode": "156",
    "IsNational": false,
    "IsActive": true
  },
  {
    "Id": 59,
    "Name": "Christmas Island",
    "PhoneCode": "61",
    "IsoTwoCharacterCode": "CX",
    "IsoThreeCharacterCode": "CXR",
    "IsoNumericCode": "162",
    "IsNational": false,
    "IsActive": true
  },
  {
    "Id": 45,
    "Name": "Cocos Islands",
    "PhoneCode": "672",
    "IsoTwoCharacterCode": "CC",
    "IsoThreeCharacterCode": "CCK",
    "IsoNumericCode": "166",
    "IsNational": false,
    "IsActive": true
  },
  {
    "Id": 54,
    "Name": "Colombia",
    "PhoneCode": "57",
    "IsoTwoCharacterCode": "CO",
    "IsoThreeCharacterCode": "COL",
    "IsoNumericCode": "170",
    "IsNational": false,
    "IsActive": true
  },
  {
    "Id": 122,
    "Name": "Comoros",
    "PhoneCode": "269",
    "IsoTwoCharacterCode": "KM",
    "IsoThreeCharacterCode": "COM",
    "IsoNumericCode": "174",
    "IsNational": false,
    "IsActive": true
  },
  {
    "Id": 48,
    "Name": "Congo",
    "PhoneCode": "242",
    "IsoTwoCharacterCode": "CG",
    "IsoThreeCharacterCode": "COG",
    "IsoNumericCode": "178",
    "IsNational": false,
    "IsActive": true
  },
  {
    "Id": 262,
    "Name": "DRC",
    "PhoneCode": "180",
    "IsoTwoCharacterCode": "CD",
    "IsoThreeCharacterCode": "COD",
    "IsoNumericCode": "180",
    "IsNational": false,
    "IsActive": true
  },
  {
    "Id": 51,
    "Name": "Cook Islands",
    "PhoneCode": "682",
    "IsoTwoCharacterCode": "CK",
    "IsoThreeCharacterCode": "COK",
    "IsoNumericCode": "184",
    "IsNational": false,
    "IsActive": true
  },
  {
    "Id": 55,
    "Name": "Costa Rica",
    "PhoneCode": "506",
    "IsoTwoCharacterCode": "CR",
    "IsoThreeCharacterCode": "CRI",
    "IsoNumericCode": "188",
    "IsNational": false,
    "IsActive": true
  },
  {
    "Id": 263,
    "Name": "Cote dIvoire",
    "PhoneCode": null,
    "IsoTwoCharacterCode": "CI",
    "IsoThreeCharacterCode": "CIV",
    "IsoNumericCode": "384",
    "IsNational": false,
    "IsActive": false
  },
  {
    "Id": 101,
    "Name": "Croatia",
    "PhoneCode": "385",
    "IsoTwoCharacterCode": "HR",
    "IsoThreeCharacterCode": "HRV",
    "IsoNumericCode": "191",
    "IsNational": false,
    "IsActive": true
  },
  {
    "Id": 56,
    "Name": "Cuba",
    "PhoneCode": "53",
    "IsoTwoCharacterCode": "CU",
    "IsoThreeCharacterCode": "CUB",
    "IsoNumericCode": "192",
    "IsNational": false,
    "IsActive": true
  },
  {
    "Id": 264,
    "Name": "Curacao",
    "PhoneCode": null,
    "IsoTwoCharacterCode": "CW",
    "IsoThreeCharacterCode": "CUW",
    "IsoNumericCode": "531",
    "IsNational": false,
    "IsActive": false
  },
  {
    "Id": 60,
    "Name": "Cyprus North",
    "PhoneCode": "357",
    "IsoTwoCharacterCode": "CY",
    "IsoThreeCharacterCode": "CYP",
    "IsoNumericCode": "196",
    "IsNational": false,
    "IsActive": true
  },
  {
    "Id": 265,
    "Name": "Czech Republic",
    "PhoneCode": "203",
    "IsoTwoCharacterCode": "CZ",
    "IsoThreeCharacterCode": "CZE",
    "IsoNumericCode": "203",
    "IsNational": false,
    "IsActive": true
  },
  {
    "Id": 64,
    "Name": "Denmark",
    "PhoneCode": "45",
    "IsoTwoCharacterCode": "DK",
    "IsoThreeCharacterCode": "DNK",
    "IsoNumericCode": "208",
    "IsNational": false,
    "IsActive": true
  },
  {
    "Id": 63,
    "Name": "Djibouti",
    "PhoneCode": "253",
    "IsoTwoCharacterCode": "DJ",
    "IsoThreeCharacterCode": "DJI",
    "IsoNumericCode": "262",
    "IsNational": false,
    "IsActive": true
  },
  {
    "Id": 65,
    "Name": "Dominica",
    "PhoneCode": "1767",
    "IsoTwoCharacterCode": "DM",
    "IsoThreeCharacterCode": "DMA",
    "IsoNumericCode": "212",
    "IsNational": false,
    "IsActive": true
  },
  {
    "Id": 66,
    "Name": "Dominican Republic",
    "PhoneCode": "1809",
    "IsoTwoCharacterCode": "DO",
    "IsoThreeCharacterCode": "DOM",
    "IsoNumericCode": "214",
    "IsNational": false,
    "IsActive": true
  },
  {
    "Id": 222,
    "Name": "East Timor",
    "PhoneCode": "670",
    "IsoTwoCharacterCode": "TL",
    "IsoThreeCharacterCode": "TLS",
    "IsoNumericCode": "626",
    "IsNational": false,
    "IsActive": true
  },
  {
    "Id": 68,
    "Name": "Ecuador",
    "PhoneCode": "593",
    "IsoTwoCharacterCode": "EC",
    "IsoThreeCharacterCode": "ECU",
    "IsoNumericCode": "218",
    "IsNational": false,
    "IsActive": true
  },
  {
    "Id": 70,
    "Name": "Egypt",
    "PhoneCode": "20",
    "IsoTwoCharacterCode": "EG",
    "IsoThreeCharacterCode": "EGY",
    "IsoNumericCode": "818",
    "IsNational": false,
    "IsActive": true
  },
  {
    "Id": 211,
    "Name": "El Salvador",
    "PhoneCode": "503",
    "IsoTwoCharacterCode": "SV",
    "IsoThreeCharacterCode": "SLV",
    "IsoNumericCode": "222",
    "IsNational": false,
    "IsActive": true
  },
  {
    "Id": 91,
    "Name": "Equatorial Guinea",
    "PhoneCode": "240",
    "IsoTwoCharacterCode": "GQ",
    "IsoThreeCharacterCode": "GNQ",
    "IsoNumericCode": "226",
    "IsNational": false,
    "IsActive": true
  },
  {
    "Id": 72,
    "Name": "Eritrea",
    "PhoneCode": "291",
    "IsoTwoCharacterCode": "ER",
    "IsoThreeCharacterCode": "ERI",
    "IsoNumericCode": "232",
    "IsNational": false,
    "IsActive": true
  },
  {
    "Id": 69,
    "Name": "Estonia",
    "PhoneCode": "372",
    "IsoTwoCharacterCode": "EE",
    "IsoThreeCharacterCode": "EST",
    "IsoNumericCode": "233",
    "IsNational": false,
    "IsActive": true
  },
  {
    "Id": 266,
    "Name": "Eswatini",
    "PhoneCode": null,
    "IsoTwoCharacterCode": "SZ",
    "IsoThreeCharacterCode": "SWZ",
    "IsoNumericCode": "748",
    "IsNational": false,
    "IsActive": false
  },
  {
    "Id": 74,
    "Name": "Ethiopia",
    "PhoneCode": "251",
    "IsoTwoCharacterCode": "ET",
    "IsoThreeCharacterCode": "ETH",
    "IsoNumericCode": "231",
    "IsNational": false,
    "IsActive": true
  },
  {
    "Id": 76,
    "Name": "Falkland Islands",
    "PhoneCode": "500",
    "IsoTwoCharacterCode": "FK",
    "IsoThreeCharacterCode": "FLK",
    "IsoNumericCode": "238",
    "IsNational": false,
    "IsActive": true
  },
  {
    "Id": 78,
    "Name": "Faroe Islands",
    "PhoneCode": "298",
    "IsoTwoCharacterCode": "FO",
    "IsoThreeCharacterCode": "FRO",
    "IsoNumericCode": "234",
    "IsNational": false,
    "IsActive": true
  },
  {
    "Id": 75,
    "Name": "Fiji",
    "PhoneCode": "679",
    "IsoTwoCharacterCode": "FJ",
    "IsoThreeCharacterCode": "FJI",
    "IsoNumericCode": "242",
    "IsNational": false,
    "IsActive": true
  },
  {
    "Id": 6,
    "Name": "Finland",
    "PhoneCode": "358",
    "IsoTwoCharacterCode": "FI",
    "IsoThreeCharacterCode": "FIN",
    "IsoNumericCode": "246",
    "IsNational": false,
    "IsActive": true
  },
  {
    "Id": 5,
    "Name": "France",
    "PhoneCode": "33",
    "IsoTwoCharacterCode": "FR",
    "IsoThreeCharacterCode": "FRA",
    "IsoNumericCode": "250",
    "IsNational": false,
    "IsActive": true
  },
  {
    "Id": 83,
    "Name": "French Guiana",
    "PhoneCode": "594",
    "IsoTwoCharacterCode": "GF",
    "IsoThreeCharacterCode": "GUF",
    "IsoNumericCode": "254",
    "IsNational": false,
    "IsActive": true
  },
  {
    "Id": 176,
    "Name": "French Polynesia",
    "PhoneCode": "689",
    "IsoTwoCharacterCode": "PF",
    "IsoThreeCharacterCode": "PYF",
    "IsoNumericCode": "258",
    "IsNational": false,
    "IsActive": true
  },
  {
    "Id": 217,
    "Name": "French Southern Territories",
    "PhoneCode": "0",
    "IsoTwoCharacterCode": "TF",
    "IsoThreeCharacterCode": "ATF",
    "IsoNumericCode": "260",
    "IsNational": false,
    "IsActive": false
  },
  {
    "Id": 79,
    "Name": "Gabon",
    "PhoneCode": "241",
    "IsoTwoCharacterCode": "GA",
    "IsoThreeCharacterCode": "GAB",
    "IsoNumericCode": "266",
    "IsNational": false,
    "IsActive": true
  },
  {
    "Id": 88,
    "Name": "Gambia",
    "PhoneCode": "220",
    "IsoTwoCharacterCode": "GM",
    "IsoThreeCharacterCode": "GMB",
    "IsoNumericCode": "270",
    "IsNational": false,
    "IsActive": true
  },
  {
    "Id": 82,
    "Name": "Georgia",
    "PhoneCode": "995",
    "IsoTwoCharacterCode": "GE",
    "IsoThreeCharacterCode": "GEO",
    "IsoNumericCode": "268",
    "IsNational": false,
    "IsActive": true
  },
  {
    "Id": 62,
    "Name": "Germany",
    "PhoneCode": "49",
    "IsoTwoCharacterCode": "DE",
    "IsoThreeCharacterCode": "DEU",
    "IsoNumericCode": "276",
    "IsNational": false,
    "IsActive": true
  },
  {
    "Id": 85,
    "Name": "Ghana",
    "PhoneCode": "233",
    "IsoTwoCharacterCode": "GH",
    "IsoThreeCharacterCode": "GHA",
    "IsoNumericCode": "288",
    "IsNational": false,
    "IsActive": true
  },
  {
    "Id": 86,
    "Name": "Gibraltar",
    "PhoneCode": "350",
    "IsoTwoCharacterCode": "GI",
    "IsoThreeCharacterCode": "GIB",
    "IsoNumericCode": "292",
    "IsNational": false,
    "IsActive": true
  },
  {
    "Id": 92,
    "Name": "Greece",
    "PhoneCode": "30",
    "IsoTwoCharacterCode": "GR",
    "IsoThreeCharacterCode": "GRC",
    "IsoNumericCode": "300",
    "IsNational": false,
    "IsActive": true
  },
  {
    "Id": 87,
    "Name": "Greenland",
    "PhoneCode": "299",
    "IsoTwoCharacterCode": "GL",
    "IsoThreeCharacterCode": "GRL",
    "IsoNumericCode": "304",
    "IsNational": false,
    "IsActive": true
  },
  {
    "Id": 81,
    "Name": "Grenada",
    "PhoneCode": "1473",
    "IsoTwoCharacterCode": "GD",
    "IsoThreeCharacterCode": "GRD",
    "IsoNumericCode": "308",
    "IsNational": false,
    "IsActive": true
  },
  {
    "Id": 90,
    "Name": "Guadeloupe",
    "PhoneCode": "590",
    "IsoTwoCharacterCode": "GP",
    "IsoThreeCharacterCode": "GLP",
    "IsoNumericCode": "312",
    "IsNational": false,
    "IsActive": true
  },
  {
    "Id": 95,
    "Name": "Guam",
    "PhoneCode": "1671",
    "IsoTwoCharacterCode": "GU",
    "IsoThreeCharacterCode": "GUM",
    "IsoNumericCode": "316",
    "IsNational": false,
    "IsActive": true
  },
  {
    "Id": 94,
    "Name": "Guatemala",
    "PhoneCode": "502",
    "IsoTwoCharacterCode": "GT",
    "IsoThreeCharacterCode": "GTM",
    "IsoNumericCode": "320",
    "IsNational": false,
    "IsActive": true
  },
  {
    "Id": 84,
    "Name": "Guernsey",
    "PhoneCode": "44",
    "IsoTwoCharacterCode": "GG",
    "IsoThreeCharacterCode": "GGY",
    "IsoNumericCode": "831",
    "IsNational": false,
    "IsActive": false
  },
  {
    "Id": 89,
    "Name": "Guinea",
    "PhoneCode": "224",
    "IsoTwoCharacterCode": "GN",
    "IsoThreeCharacterCode": "GIN",
    "IsoNumericCode": "324",
    "IsNational": false,
    "IsActive": true
  },
  {
    "Id": 96,
    "Name": "Guinea Bissau",
    "PhoneCode": "245",
    "IsoTwoCharacterCode": "GW",
    "IsoThreeCharacterCode": "GNB",
    "IsoNumericCode": "624",
    "IsNational": false,
    "IsActive": true
  },
  {
    "Id": 97,
    "Name": "Guyana",
    "PhoneCode": "592",
    "IsoTwoCharacterCode": "GY",
    "IsoThreeCharacterCode": "GUY",
    "IsoNumericCode": "328",
    "IsNational": false,
    "IsActive": true
  },
  {
    "Id": 102,
    "Name": "Haiti",
    "PhoneCode": "509",
    "IsoTwoCharacterCode": "HT",
    "IsoThreeCharacterCode": "HTI",
    "IsoNumericCode": "332",
    "IsNational": false,
    "IsActive": true
  },
  {
    "Id": 99,
    "Name": "Heard Island and McDonald Islands",
    "PhoneCode": "0",
    "IsoTwoCharacterCode": "HM",
    "IsoThreeCharacterCode": "HMD",
    "IsoNumericCode": "334",
    "IsNational": false,
    "IsActive": false
  },
  {
    "Id": 267,
    "Name": "Holy See",
    "PhoneCode": null,
    "IsoTwoCharacterCode": "VA",
    "IsoThreeCharacterCode": "VAT",
    "IsoNumericCode": "336",
    "IsNational": false,
    "IsActive": false
  },
  {
    "Id": 100,
    "Name": "Honduras",
    "PhoneCode": "504",
    "IsoTwoCharacterCode": "HN",
    "IsoThreeCharacterCode": "HND",
    "IsoNumericCode": "340",
    "IsNational": false,
    "IsActive": true
  },
  {
    "Id": 98,
    "Name": "Hong Kong",
    "PhoneCode": "852",
    "IsoTwoCharacterCode": "HK",
    "IsoThreeCharacterCode": "HKG",
    "IsoNumericCode": "344",
    "IsNational": false,
    "IsActive": true
  },
  {
    "Id": 103,
    "Name": "Hungary",
    "PhoneCode": "36",
    "IsoTwoCharacterCode": "HU",
    "IsoThreeCharacterCode": "HUN",
    "IsoNumericCode": "348",
    "IsNational": false,
    "IsActive": true
  },
  {
    "Id": 112,
    "Name": "Iceland",
    "PhoneCode": "354",
    "IsoTwoCharacterCode": "IS",
    "IsoThreeCharacterCode": "ISL",
    "IsoNumericCode": "352",
    "IsNational": false,
    "IsActive": true
  },
  {
    "Id": 108,
    "Name": "India",
    "PhoneCode": "91",
    "IsoTwoCharacterCode": "IN",
    "IsoThreeCharacterCode": "IND",
    "IsoNumericCode": "356",
    "IsNational": false,
    "IsActive": true
  },
  {
    "Id": 104,
    "Name": "Indonesia",
    "PhoneCode": "62",
    "IsoTwoCharacterCode": "ID",
    "IsoThreeCharacterCode": "IDN",
    "IsoNumericCode": "360",
    "IsNational": false,
    "IsActive": true
  },
  {
    "Id": 111,
    "Name": "Iran",
    "PhoneCode": "98",
    "IsoTwoCharacterCode": "IR",
    "IsoThreeCharacterCode": "IRN",
    "IsoNumericCode": "364",
    "IsNational": false,
    "IsActive": true
  },
  {
    "Id": 110,
    "Name": "Iraq",
    "PhoneCode": "964",
    "IsoTwoCharacterCode": "IQ",
    "IsoThreeCharacterCode": "IRQ",
    "IsoNumericCode": "368",
    "IsNational": false,
    "IsActive": true
  },
  {
    "Id": 105,
    "Name": "Ireland",
    "PhoneCode": "353",
    "IsoTwoCharacterCode": "IE",
    "IsoThreeCharacterCode": "IRL",
    "IsoNumericCode": "372",
    "IsNational": false,
    "IsActive": true
  },
  {
    "Id": 107,
    "Name": "Isle of Man",
    "PhoneCode": "44",
    "IsoTwoCharacterCode": "IM",
    "IsoThreeCharacterCode": "IMN",
    "IsoNumericCode": "833",
    "IsNational": false,
    "IsActive": false
  },
  {
    "Id": 106,
    "Name": "Israel",
    "PhoneCode": "972",
    "IsoTwoCharacterCode": "IL",
    "IsoThreeCharacterCode": "ISR",
    "IsoNumericCode": "376",
    "IsNational": false,
    "IsActive": true
  },
  {
    "Id": 113,
    "Name": "Italy",
    "PhoneCode": "39",
    "IsoTwoCharacterCode": "IT",
    "IsoThreeCharacterCode": "ITA",
    "IsoNumericCode": "380",
    "IsNational": false,
    "IsActive": true
  },
  {
    "Id": 115,
    "Name": "Jamaica",
    "PhoneCode": "1876",
    "IsoTwoCharacterCode": "JM",
    "IsoThreeCharacterCode": "JAM",
    "IsoNumericCode": "388",
    "IsNational": false,
    "IsActive": true
  },
  {
    "Id": 117,
    "Name": "Japan",
    "PhoneCode": "81",
    "IsoTwoCharacterCode": "JP",
    "IsoThreeCharacterCode": "JPN",
    "IsoNumericCode": "392",
    "IsNational": false,
    "IsActive": true
  },
  {
    "Id": 114,
    "Name": "Jersey",
    "PhoneCode": "44",
    "IsoTwoCharacterCode": "JE",
    "IsoThreeCharacterCode": "JEY",
    "IsoNumericCode": "832",
    "IsNational": false,
    "IsActive": false
  },
  {
    "Id": 116,
    "Name": "Jordan",
    "PhoneCode": "962",
    "IsoTwoCharacterCode": "JO",
    "IsoThreeCharacterCode": "JOR",
    "IsoNumericCode": "400",
    "IsNational": false,
    "IsActive": true
  },
  {
    "Id": 128,
    "Name": "Kazakhstan",
    "PhoneCode": "7",
    "IsoTwoCharacterCode": "KZ",
    "IsoThreeCharacterCode": "KAZ",
    "IsoNumericCode": "398",
    "IsNational": false,
    "IsActive": true
  },
  {
    "Id": 118,
    "Name": "Kenya",
    "PhoneCode": "254",
    "IsoTwoCharacterCode": "KE",
    "IsoThreeCharacterCode": "KEN",
    "IsoNumericCode": "404",
    "IsNational": false,
    "IsActive": true
  },
  {
    "Id": 121,
    "Name": "Kiribati",
    "PhoneCode": "686",
    "IsoTwoCharacterCode": "KI",
    "IsoThreeCharacterCode": "KIR",
    "IsoNumericCode": "296",
    "IsNational": false,
    "IsActive": true
  },
  {
    "Id": 124,
    "Name": "Korea North",
    "PhoneCode": "850",
    "IsoTwoCharacterCode": "KP",
    "IsoThreeCharacterCode": "PRK",
    "IsoNumericCode": "408",
    "IsNational": false,
    "IsActive": true
  },
  {
    "Id": 125,
    "Name": "Korea South",
    "PhoneCode": "82",
    "IsoTwoCharacterCode": "KR",
    "IsoThreeCharacterCode": "KOR",
    "IsoNumericCode": "410",
    "IsNational": false,
    "IsActive": true
  },
  {
    "Id": 126,
    "Name": "Kuwait",
    "PhoneCode": "965",
    "IsoTwoCharacterCode": "KW",
    "IsoThreeCharacterCode": "KWT",
    "IsoNumericCode": "414",
    "IsNational": false,
    "IsActive": true
  },
  {
    "Id": 119,
    "Name": "Kyrgyzstan",
    "PhoneCode": "996",
    "IsoTwoCharacterCode": "KG",
    "IsoThreeCharacterCode": "KGZ",
    "IsoNumericCode": "417",
    "IsNational": false,
    "IsActive": true
  },
  {
    "Id": 129,
    "Name": "Laos",
    "PhoneCode": "856",
    "IsoTwoCharacterCode": "LA",
    "IsoThreeCharacterCode": "LAO",
    "IsoNumericCode": "418",
    "IsNational": false,
    "IsActive": true
  },
  {
    "Id": 138,
    "Name": "Latvia",
    "PhoneCode": "371",
    "IsoTwoCharacterCode": "LV",
    "IsoThreeCharacterCode": "LVA",
    "IsoNumericCode": "428",
    "IsNational": false,
    "IsActive": true
  },
  {
    "Id": 130,
    "Name": "Lebanon",
    "PhoneCode": "961",
    "IsoTwoCharacterCode": "LB",
    "IsoThreeCharacterCode": "LBN",
    "IsoNumericCode": "422",
    "IsNational": false,
    "IsActive": true
  },
  {
    "Id": 135,
    "Name": "Lesotho",
    "PhoneCode": "266",
    "IsoTwoCharacterCode": "LS",
    "IsoThreeCharacterCode": "LSO",
    "IsoNumericCode": "426",
    "IsNational": false,
    "IsActive": true
  },
  {
    "Id": 134,
    "Name": "Liberia",
    "PhoneCode": "231",
    "IsoTwoCharacterCode": "LR",
    "IsoThreeCharacterCode": "LBR",
    "IsoNumericCode": "430",
    "IsNational": false,
    "IsActive": true
  },
  {
    "Id": 139,
    "Name": "Libya",
    "PhoneCode": "218",
    "IsoTwoCharacterCode": "LY",
    "IsoThreeCharacterCode": "LBY",
    "IsoNumericCode": "434",
    "IsNational": false,
    "IsActive": true
  },
  {
    "Id": 132,
    "Name": "Liechtenstein",
    "PhoneCode": "423",
    "IsoTwoCharacterCode": "LI",
    "IsoThreeCharacterCode": "LIE",
    "IsoNumericCode": "438",
    "IsNational": false,
    "IsActive": true
  },
  {
    "Id": 136,
    "Name": "Lithuania",
    "PhoneCode": "370",
    "IsoTwoCharacterCode": "LT",
    "IsoThreeCharacterCode": "LTU",
    "IsoNumericCode": "440",
    "IsNational": false,
    "IsActive": true
  },
  {
    "Id": 137,
    "Name": "Luxembourg",
    "PhoneCode": "352",
    "IsoTwoCharacterCode": "LU",
    "IsoThreeCharacterCode": "LUX",
    "IsoNumericCode": "442",
    "IsNational": false,
    "IsActive": true
  },
  {
    "Id": 151,
    "Name": "Macau",
    "PhoneCode": "853",
    "IsoTwoCharacterCode": "MO",
    "IsoThreeCharacterCode": "MAC",
    "IsoNumericCode": "446",
    "IsNational": false,
    "IsActive": true
  },
  {
    "Id": 145,
    "Name": "Madagascar",
    "PhoneCode": "261",
    "IsoTwoCharacterCode": "MG",
    "IsoThreeCharacterCode": "MDG",
    "IsoNumericCode": "450",
    "IsNational": false,
    "IsActive": true
  },
  {
    "Id": 159,
    "Name": "Malawi",
    "PhoneCode": "265",
    "IsoTwoCharacterCode": "MW",
    "IsoThreeCharacterCode": "MWI",
    "IsoNumericCode": "454",
    "IsNational": false,
    "IsActive": true
  },
  {
    "Id": 161,
    "Name": "Malaysia",
    "PhoneCode": "60",
    "IsoTwoCharacterCode": "MY",
    "IsoThreeCharacterCode": "MYS",
    "IsoNumericCode": "458",
    "IsNational": false,
    "IsActive": true
  },
  {
    "Id": 158,
    "Name": "Maldives",
    "PhoneCode": "960",
    "IsoTwoCharacterCode": "MV",
    "IsoThreeCharacterCode": "MDV",
    "IsoNumericCode": "462",
    "IsNational": false,
    "IsActive": true
  },
  {
    "Id": 148,
    "Name": "Mali",
    "PhoneCode": "223",
    "IsoTwoCharacterCode": "ML",
    "IsoThreeCharacterCode": "MLI",
    "IsoNumericCode": "466",
    "IsNational": false,
    "IsActive": true
  },
  {
    "Id": 156,
    "Name": "Malta",
    "PhoneCode": "356",
    "IsoTwoCharacterCode": "MT",
    "IsoThreeCharacterCode": "MLT",
    "IsoNumericCode": "470",
    "IsNational": false,
    "IsActive": true
  },
  {
    "Id": 146,
    "Name": "Marshall Islands",
    "PhoneCode": "692",
    "IsoTwoCharacterCode": "MH",
    "IsoThreeCharacterCode": "MHL",
    "IsoNumericCode": "584",
    "IsNational": false,
    "IsActive": true
  },
  {
    "Id": 153,
    "Name": "Martinique",
    "PhoneCode": "596",
    "IsoTwoCharacterCode": "MQ",
    "IsoThreeCharacterCode": "MTQ",
    "IsoNumericCode": "474",
    "IsNational": false,
    "IsActive": true
  },
  {
    "Id": 154,
    "Name": "Mauritania",
    "PhoneCode": "222",
    "IsoTwoCharacterCode": "MR",
    "IsoThreeCharacterCode": "MRT",
    "IsoNumericCode": "478",
    "IsNational": false,
    "IsActive": true
  },
  {
    "Id": 157,
    "Name": "Mauritius",
    "PhoneCode": "230",
    "IsoTwoCharacterCode": "MU",
    "IsoThreeCharacterCode": "MUS",
    "IsoNumericCode": "480",
    "IsNational": false,
    "IsActive": true
  },
  {
    "Id": 246,
    "Name": "Mayotte",
    "PhoneCode": "269",
    "IsoTwoCharacterCode": "YT",
    "IsoThreeCharacterCode": "MYT",
    "IsoNumericCode": "175",
    "IsNational": false,
    "IsActive": false
  },
  {
    "Id": 160,
    "Name": "Mexico",
    "PhoneCode": "52",
    "IsoTwoCharacterCode": "MX",
    "IsoThreeCharacterCode": "MEX",
    "IsoNumericCode": "484",
    "IsNational": false,
    "IsActive": true
  },
  {
    "Id": 77,
    "Name": "Micronesia",
    "PhoneCode": "691",
    "IsoTwoCharacterCode": "FM",
    "IsoThreeCharacterCode": "FSM",
    "IsoNumericCode": "583",
    "IsNational": false,
    "IsActive": true
  },
  {
    "Id": 142,
    "Name": "Moldova",
    "PhoneCode": "373",
    "IsoTwoCharacterCode": "MD",
    "IsoThreeCharacterCode": "MDA",
    "IsoNumericCode": "498",
    "IsNational": false,
    "IsActive": true
  },
  {
    "Id": 141,
    "Name": "Monaco",
    "PhoneCode": "377",
    "IsoTwoCharacterCode": "MC",
    "IsoThreeCharacterCode": "MCO",
    "IsoNumericCode": "492",
    "IsNational": false,
    "IsActive": true
  },
  {
    "Id": 150,
    "Name": "Mongolia",
    "PhoneCode": "976",
    "IsoTwoCharacterCode": "MN",
    "IsoThreeCharacterCode": "MNG",
    "IsoNumericCode": "496",
    "IsNational": false,
    "IsActive": true
  },
  {
    "Id": 143,
    "Name": "Montenegro",
    "PhoneCode": "382",
    "IsoTwoCharacterCode": "ME",
    "IsoThreeCharacterCode": "MNE",
    "IsoNumericCode": "499",
    "IsNational": false,
    "IsActive": true
  },
  {
    "Id": 155,
    "Name": "Montserrat",
    "PhoneCode": "1664",
    "IsoTwoCharacterCode": "MS",
    "IsoThreeCharacterCode": "MSR",
    "IsoNumericCode": "500",
    "IsNational": false,
    "IsActive": true
  },
  {
    "Id": 140,
    "Name": "Morocco",
    "PhoneCode": "212",
    "IsoTwoCharacterCode": "MA",
    "IsoThreeCharacterCode": "MAR",
    "IsoNumericCode": "504",
    "IsNational": false,
    "IsActive": true
  },
  {
    "Id": 162,
    "Name": "Mozambique",
    "PhoneCode": "258",
    "IsoTwoCharacterCode": "MZ",
    "IsoThreeCharacterCode": "MOZ",
    "IsoNumericCode": "508",
    "IsNational": false,
    "IsActive": true
  },
  {
    "Id": 149,
    "Name": "Myanmar",
    "PhoneCode": "95",
    "IsoTwoCharacterCode": "MM",
    "IsoThreeCharacterCode": "MMR",
    "IsoNumericCode": "104",
    "IsNational": false,
    "IsActive": true
  },
  {
    "Id": 163,
    "Name": "Namibia",
    "PhoneCode": "264",
    "IsoTwoCharacterCode": "NA",
    "IsoThreeCharacterCode": "NAM",
    "IsoNumericCode": "516",
    "IsNational": false,
    "IsActive": true
  },
  {
    "Id": 170,
    "Name": "Nauru",
    "PhoneCode": "674",
    "IsoTwoCharacterCode": "NR",
    "IsoThreeCharacterCode": "NRU",
    "IsoNumericCode": "520",
    "IsNational": false,
    "IsActive": true
  },
  {
    "Id": 169,
    "Name": "Nepal",
    "PhoneCode": "977",
    "IsoTwoCharacterCode": "NP",
    "IsoThreeCharacterCode": "NPL",
    "IsoNumericCode": "524",
    "IsNational": false,
    "IsActive": true
  },
  {
    "Id": 2,
    "Name": "Netherlands",
    "PhoneCode": "31",
    "IsoTwoCharacterCode": "NL",
    "IsoThreeCharacterCode": "NLD",
    "IsoNumericCode": "528",
    "IsNational": false,
    "IsActive": true
  },
  {
    "Id": 164,
    "Name": "New Caledonia",
    "PhoneCode": "687",
    "IsoTwoCharacterCode": "NC",
    "IsoThreeCharacterCode": "NCL",
    "IsoNumericCode": "540",
    "IsNational": false,
    "IsActive": true
  },
  {
    "Id": 172,
    "Name": "New Zealand",
    "PhoneCode": "64",
    "IsoTwoCharacterCode": "NZ",
    "IsoThreeCharacterCode": "NZL",
    "IsoNumericCode": "554",
    "IsNational": false,
    "IsActive": true
  },
  {
    "Id": 168,
    "Name": "Nicaragua",
    "PhoneCode": "505",
    "IsoTwoCharacterCode": "NI",
    "IsoThreeCharacterCode": "NIC",
    "IsoNumericCode": "558",
    "IsNational": false,
    "IsActive": true
  },
  {
    "Id": 165,
    "Name": "Niger",
    "PhoneCode": "227",
    "IsoTwoCharacterCode": "NE",
    "IsoThreeCharacterCode": "NER",
    "IsoNumericCode": "562",
    "IsNational": false,
    "IsActive": true
  },
  {
    "Id": 167,
    "Name": "Nigeria",
    "PhoneCode": "234",
    "IsoTwoCharacterCode": "NG",
    "IsoThreeCharacterCode": "NGA",
    "IsoNumericCode": "566",
    "IsNational": false,
    "IsActive": true
  },
  {
    "Id": 171,
    "Name": "Niue",
    "PhoneCode": "683",
    "IsoTwoCharacterCode": "NU",
    "IsoThreeCharacterCode": "NIU",
    "IsoNumericCode": "570",
    "IsNational": false,
    "IsActive": true
  },
  {
    "Id": 166,
    "Name": "Norfolk Island",
    "PhoneCode": "672",
    "IsoTwoCharacterCode": "NF",
    "IsoThreeCharacterCode": "NFK",
    "IsoNumericCode": "574",
    "IsNational": false,
    "IsActive": true
  },
  {
    "Id": 268,
    "Name": "Macedonia",
    "PhoneCode": "807",
    "IsoTwoCharacterCode": "MK",
    "IsoThreeCharacterCode": "MKD",
    "IsoNumericCode": "807",
    "IsNational": false,
    "IsActive": true
  },
  {
    "Id": 152,
    "Name": "Northern Mariana Islands",
    "PhoneCode": "1670",
    "IsoTwoCharacterCode": "MP",
    "IsoThreeCharacterCode": "MNP",
    "IsoNumericCode": "580",
    "IsNational": false,
    "IsActive": true
  },
  {
    "Id": 4,
    "Name": "Norway",
    "PhoneCode": "47",
    "IsoTwoCharacterCode": "NO",
    "IsoThreeCharacterCode": "NOR",
    "IsoNumericCode": "578",
    "IsNational": false,
    "IsActive": true
  },
  {
    "Id": 173,
    "Name": "Oman",
    "PhoneCode": "968",
    "IsoTwoCharacterCode": "OM",
    "IsoThreeCharacterCode": "OMN",
    "IsoNumericCode": "512",
    "IsNational": false,
    "IsActive": true
  },
  {
    "Id": 179,
    "Name": "Pakistan",
    "PhoneCode": "92",
    "IsoTwoCharacterCode": "PK",
    "IsoThreeCharacterCode": "PAK",
    "IsoNumericCode": "586",
    "IsNational": false,
    "IsActive": true
  },
  {
    "Id": 186,
    "Name": "Palau",
    "PhoneCode": "680",
    "IsoTwoCharacterCode": "PW",
    "IsoThreeCharacterCode": "PLW",
    "IsoNumericCode": "585",
    "IsNational": false,
    "IsActive": true
  },
  {
    "Id": 184,
    "Name": "Palestine",
    "PhoneCode": "970",
    "IsoTwoCharacterCode": "PS",
    "IsoThreeCharacterCode": "PSE",
    "IsoNumericCode": "275",
    "IsNational": false,
    "IsActive": true
  },
  {
    "Id": 174,
    "Name": "Panama",
    "PhoneCode": "507",
    "IsoTwoCharacterCode": "PA",
    "IsoThreeCharacterCode": "PAN",
    "IsoNumericCode": "591",
    "IsNational": false,
    "IsActive": true
  },
  {
    "Id": 177,
    "Name": "Papua New Guinea",
    "PhoneCode": "675",
    "IsoTwoCharacterCode": "PG",
    "IsoThreeCharacterCode": "PNG",
    "IsoNumericCode": "598",
    "IsNational": false,
    "IsActive": true
  },
  {
    "Id": 187,
    "Name": "Paraguay",
    "PhoneCode": "595",
    "IsoTwoCharacterCode": "PY",
    "IsoThreeCharacterCode": "PRY",
    "IsoNumericCode": "600",
    "IsNational": false,
    "IsActive": true
  },
  {
    "Id": 175,
    "Name": "Peru",
    "PhoneCode": "51",
    "IsoTwoCharacterCode": "PE",
    "IsoThreeCharacterCode": "PER",
    "IsoNumericCode": "604",
    "IsNational": false,
    "IsActive": true
  },
  {
    "Id": 178,
    "Name": "Philippines",
    "PhoneCode": "63",
    "IsoTwoCharacterCode": "PH",
    "IsoThreeCharacterCode": "PHL",
    "IsoNumericCode": "608",
    "IsNational": false,
    "IsActive": true
  },
  {
    "Id": 182,
    "Name": "Pitcairn",
    "PhoneCode": "64",
    "IsoTwoCharacterCode": "PN",
    "IsoThreeCharacterCode": "PCN",
    "IsoNumericCode": "612",
    "IsNational": false,
    "IsActive": false
  },
  {
    "Id": 180,
    "Name": "Poland",
    "PhoneCode": "48",
    "IsoTwoCharacterCode": "PL",
    "IsoThreeCharacterCode": "POL",
    "IsoNumericCode": "616",
    "IsNational": false,
    "IsActive": true
  },
  {
    "Id": 185,
    "Name": "Portugal",
    "PhoneCode": "351",
    "IsoTwoCharacterCode": "PT",
    "IsoThreeCharacterCode": "PRT",
    "IsoNumericCode": "620",
    "IsNational": false,
    "IsActive": true
  },
  {
    "Id": 183,
    "Name": "Puerto Rico",
    "PhoneCode": "1787",
    "IsoTwoCharacterCode": "PR",
    "IsoThreeCharacterCode": "PRI",
    "IsoNumericCode": "630",
    "IsNational": false,
    "IsActive": true
  },
  {
    "Id": 188,
    "Name": "Qatar",
    "PhoneCode": "974",
    "IsoTwoCharacterCode": "QA",
    "IsoThreeCharacterCode": "QAT",
    "IsoNumericCode": "634",
    "IsNational": false,
    "IsActive": true
  },
  {
    "Id": 189,
    "Name": "Reunion Island",
    "PhoneCode": "262",
    "IsoTwoCharacterCode": "RE",
    "IsoThreeCharacterCode": "REU",
    "IsoNumericCode": "638",
    "IsNational": false,
    "IsActive": true
  },
  {
    "Id": 190,
    "Name": "Romania",
    "PhoneCode": "40",
    "IsoTwoCharacterCode": "RO",
    "IsoThreeCharacterCode": "ROU",
    "IsoNumericCode": "642",
    "IsNational": false,
    "IsActive": true
  },
  {
    "Id": 192,
    "Name": "Russia",
    "PhoneCode": "70",
    "IsoTwoCharacterCode": "RU",
    "IsoThreeCharacterCode": "RUS",
    "IsoNumericCode": "643",
    "IsNational": false,
    "IsActive": true
  },
  {
    "Id": 193,
    "Name": "Rwanda",
    "PhoneCode": "250",
    "IsoTwoCharacterCode": "RW",
    "IsoThreeCharacterCode": "RWA",
    "IsoNumericCode": "646",
    "IsNational": false,
    "IsActive": true
  },
  {
    "Id": 32,
    "Name": "Saint Barthelemy",
    "PhoneCode": "590",
    "IsoTwoCharacterCode": "BL",
    "IsoThreeCharacterCode": "BLM",
    "IsoNumericCode": "652",
    "IsNational": false,
    "IsActive": false
  },
  {
    "Id": 269,
    "Name": "St. Helena",
    "PhoneCode": "654",
    "IsoTwoCharacterCode": "SH",
    "IsoThreeCharacterCode": "SHN",
    "IsoNumericCode": "654",
    "IsNational": false,
    "IsActive": true
  },
  {
    "Id": 270,
    "Name": "St. Kitts and Nevis",
    "PhoneCode": "659",
    "IsoTwoCharacterCode": "KN",
    "IsoThreeCharacterCode": "KNA",
    "IsoNumericCode": "659",
    "IsNational": false,
    "IsActive": true
  },
  {
    "Id": 271,
    "Name": "St. Lucia",
    "PhoneCode": "662",
    "IsoTwoCharacterCode": "LC",
    "IsoThreeCharacterCode": "LCA",
    "IsoNumericCode": "662",
    "IsNational": false,
    "IsActive": true
  },
  {
    "Id": 144,
    "Name": "Saint Martin (French part)",
    "PhoneCode": "590",
    "IsoTwoCharacterCode": "MF",
    "IsoThreeCharacterCode": "MAF",
    "IsoNumericCode": "663",
    "IsNational": false,
    "IsActive": false
  },
  {
    "Id": 272,
    "Name": "St. Pierre and Miquelon",
    "PhoneCode": "666",
    "IsoTwoCharacterCode": "PM",
    "IsoThreeCharacterCode": "SPM",
    "IsoNumericCode": "666",
    "IsNational": false,
    "IsActive": true
  },
  {
    "Id": 273,
    "Name": "St. Vincent and the Grenadines",
    "PhoneCode": "670",
    "IsoTwoCharacterCode": "VC",
    "IsoThreeCharacterCode": "VCT",
    "IsoNumericCode": "670",
    "IsNational": false,
    "IsActive": true
  },
  {
    "Id": 244,
    "Name": "Samoa Western",
    "PhoneCode": "684",
    "IsoTwoCharacterCode": "WS",
    "IsoThreeCharacterCode": "WSM",
    "IsoNumericCode": "882",
    "IsNational": false,
    "IsActive": true
  },
  {
    "Id": 205,
    "Name": "San Marino",
    "PhoneCode": "378",
    "IsoTwoCharacterCode": "SM",
    "IsoThreeCharacterCode": "SMR",
    "IsoNumericCode": "674",
    "IsNational": false,
    "IsActive": true
  },
  {
    "Id": 210,
    "Name": "Sao Tome and Principe",
    "PhoneCode": "239",
    "IsoTwoCharacterCode": "ST",
    "IsoThreeCharacterCode": "STP",
    "IsoNumericCode": "678",
    "IsNational": false,
    "IsActive": true
  },
  {
    "Id": 194,
    "Name": "Saudi Arabia",
    "PhoneCode": "966",
    "IsoTwoCharacterCode": "SA",
    "IsoThreeCharacterCode": "SAU",
    "IsoNumericCode": "682",
    "IsNational": false,
    "IsActive": true
  },
  {
    "Id": 206,
    "Name": "Senegal",
    "PhoneCode": "221",
    "IsoTwoCharacterCode": "SN",
    "IsoThreeCharacterCode": "SEN",
    "IsoNumericCode": "686",
    "IsNational": false,
    "IsActive": true
  },
  {
    "Id": 191,
    "Name": "Serbia",
    "PhoneCode": "381",
    "IsoTwoCharacterCode": "RS",
    "IsoThreeCharacterCode": "SRB",
    "IsoNumericCode": "688",
    "IsNational": false,
    "IsActive": true
  },
  {
    "Id": 196,
    "Name": "Seychelles",
    "PhoneCode": "248",
    "IsoTwoCharacterCode": "SC",
    "IsoThreeCharacterCode": "SYC",
    "IsoNumericCode": "690",
    "IsNational": false,
    "IsActive": true
  },
  {
    "Id": 204,
    "Name": "Sierra Leone",
    "PhoneCode": "232",
    "IsoTwoCharacterCode": "SL",
    "IsoThreeCharacterCode": "SLE",
    "IsoNumericCode": "694",
    "IsNational": false,
    "IsActive": true
  },
  {
    "Id": 199,
    "Name": "Singapore",
    "PhoneCode": "65",
    "IsoTwoCharacterCode": "SG",
    "IsoThreeCharacterCode": "SGP",
    "IsoNumericCode": "702",
    "IsNational": false,
    "IsActive": true
  },
  {
    "Id": 274,
    "Name": "Sint Maarten (Dutch part)",
    "PhoneCode": null,
    "IsoTwoCharacterCode": "SX",
    "IsoThreeCharacterCode": "SXM",
    "IsoNumericCode": "534",
    "IsNational": false,
    "IsActive": true
  },
  {
    "Id": 203,
    "Name": "Slovakia",
    "PhoneCode": "421",
    "IsoTwoCharacterCode": "SK",
    "IsoThreeCharacterCode": "SVK",
    "IsoNumericCode": "703",
    "IsNational": false,
    "IsActive": true
  },
  {
    "Id": 201,
    "Name": "Slovenia",
    "PhoneCode": "386",
    "IsoTwoCharacterCode": "SI",
    "IsoThreeCharacterCode": "SVN",
    "IsoNumericCode": "705",
    "IsNational": false,
    "IsActive": true
  },
  {
    "Id": 195,
    "Name": "Solomon Islands",
    "PhoneCode": "677",
    "IsoTwoCharacterCode": "SB",
    "IsoThreeCharacterCode": "SLB",
    "IsoNumericCode": "90",
    "IsNational": false,
    "IsActive": true
  },
  {
    "Id": 207,
    "Name": "Somalia",
    "PhoneCode": "252",
    "IsoTwoCharacterCode": "SO",
    "IsoThreeCharacterCode": "SOM",
    "IsoNumericCode": "706",
    "IsNational": false,
    "IsActive": true
  },
  {
    "Id": 247,
    "Name": "South Africa",
    "PhoneCode": "27",
    "IsoTwoCharacterCode": "ZA",
    "IsoThreeCharacterCode": "ZAF",
    "IsoNumericCode": "710",
    "IsNational": false,
    "IsActive": true
  },
  {
    "Id": 93,
    "Name": "South Georgia and the South Sandwich Islands",
    "PhoneCode": "500",
    "IsoTwoCharacterCode": "GS",
    "IsoThreeCharacterCode": "SGS",
    "IsoNumericCode": "239",
    "IsNational": false,
    "IsActive": false
  },
  {
    "Id": 209,
    "Name": "South Sudan",
    "PhoneCode": "728",
    "IsoTwoCharacterCode": "SS",
    "IsoThreeCharacterCode": "SSD",
    "IsoNumericCode": "728",
    "IsNational": false,
    "IsActive": true
  },
  {
    "Id": 73,
    "Name": "Spain",
    "PhoneCode": "34",
    "IsoTwoCharacterCode": "ES",
    "IsoThreeCharacterCode": "ESP",
    "IsoNumericCode": "724",
    "IsNational": false,
    "IsActive": true
  },
  {
    "Id": 133,
    "Name": "Sri Lanka",
    "PhoneCode": "94",
    "IsoTwoCharacterCode": "LK",
    "IsoThreeCharacterCode": "LKA",
    "IsoNumericCode": "144",
    "IsNational": false,
    "IsActive": true
  },
  {
    "Id": 197,
    "Name": "Sudan",
    "PhoneCode": "249",
    "IsoTwoCharacterCode": "SD",
    "IsoThreeCharacterCode": "SDN",
    "IsoNumericCode": "736",
    "IsNational": false,
    "IsActive": true
  },
  {
    "Id": 208,
    "Name": "Suriname",
    "PhoneCode": "597",
    "IsoTwoCharacterCode": "SR",
    "IsoThreeCharacterCode": "SUR",
    "IsoNumericCode": "740",
    "IsNational": false,
    "IsActive": true
  },
  {
    "Id": 202,
    "Name": "Svalbard and Jan Mayen",
    "PhoneCode": "47",
    "IsoTwoCharacterCode": "SJ",
    "IsoThreeCharacterCode": "SJM",
    "IsoNumericCode": "744",
    "IsNational": false,
    "IsActive": false
  },
  {
    "Id": 198,
    "Name": "Sweden",
    "PhoneCode": "46",
    "IsoTwoCharacterCode": "SE",
    "IsoThreeCharacterCode": "SWE",
    "IsoNumericCode": "752",
    "IsNational": false,
    "IsActive": true
  },
  {
    "Id": 49,
    "Name": "Switzerland",
    "PhoneCode": "41",
    "IsoTwoCharacterCode": "CH",
    "IsoThreeCharacterCode": "CHE",
    "IsoNumericCode": "756",
    "IsNational": false,
    "IsActive": true
  },
  {
    "Id": 213,
    "Name": "Syria",
    "PhoneCode": "963",
    "IsoTwoCharacterCode": "SY",
    "IsoThreeCharacterCode": "SYR",
    "IsoNumericCode": "760",
    "IsNational": false,
    "IsActive": true
  },
  {
    "Id": 229,
    "Name": "Taiwan",
    "PhoneCode": "886",
    "IsoTwoCharacterCode": "TW",
    "IsoThreeCharacterCode": "TWN",
    "IsoNumericCode": "158",
    "IsNational": false,
    "IsActive": true
  },
  {
    "Id": 220,
    "Name": "Tajikistan",
    "PhoneCode": "992",
    "IsoTwoCharacterCode": "TJ",
    "IsoThreeCharacterCode": "TJK",
    "IsoNumericCode": "762",
    "IsNational": false,
    "IsActive": true
  },
  {
    "Id": 230,
    "Name": "Tanzania",
    "PhoneCode": "255",
    "IsoTwoCharacterCode": "TZ",
    "IsoThreeCharacterCode": "TZA",
    "IsoNumericCode": "834",
    "IsNational": false,
    "IsActive": true
  },
  {
    "Id": 219,
    "Name": "Thailand",
    "PhoneCode": "66",
    "IsoTwoCharacterCode": "TH",
    "IsoThreeCharacterCode": "THA",
    "IsoNumericCode": "764",
    "IsNational": false,
    "IsActive": true
  },
  {
    "Id": 218,
    "Name": "Togo",
    "PhoneCode": "228",
    "IsoTwoCharacterCode": "TG",
    "IsoThreeCharacterCode": "TGO",
    "IsoNumericCode": "768",
    "IsNational": false,
    "IsActive": true
  },
  {
    "Id": 221,
    "Name": "Tokelau",
    "PhoneCode": "690",
    "IsoTwoCharacterCode": "TK",
    "IsoThreeCharacterCode": "TKL",
    "IsoNumericCode": "772",
    "IsNational": false,
    "IsActive": true
  },
  {
    "Id": 225,
    "Name": "Tonga",
    "PhoneCode": "676",
    "IsoTwoCharacterCode": "TO",
    "IsoThreeCharacterCode": "TON",
    "IsoNumericCode": "776",
    "IsNational": false,
    "IsActive": true
  },
  {
    "Id": 227,
    "Name": "Trinidad and Tobago",
    "PhoneCode": "1868",
    "IsoTwoCharacterCode": "TT",
    "IsoThreeCharacterCode": "TTO",
    "IsoNumericCode": "780",
    "IsNational": false,
    "IsActive": true
  },
  {
    "Id": 224,
    "Name": "Tunisia",
    "PhoneCode": "216",
    "IsoTwoCharacterCode": "TN",
    "IsoThreeCharacterCode": "TUN",
    "IsoNumericCode": "788",
    "IsNational": false,
    "IsActive": true
  },
  {
    "Id": 226,
    "Name": "Turkey",
    "PhoneCode": "90",
    "IsoTwoCharacterCode": "TR",
    "IsoThreeCharacterCode": "TUR",
    "IsoNumericCode": "792",
    "IsNational": false,
    "IsActive": true
  },
  {
    "Id": 223,
    "Name": "Turkmenistan",
    "PhoneCode": "7370",
    "IsoTwoCharacterCode": "TM",
    "IsoThreeCharacterCode": "TKM",
    "IsoNumericCode": "795",
    "IsNational": false,
    "IsActive": true
  },
  {
    "Id": 215,
    "Name": "Turks and Caicos Islands",
    "PhoneCode": "1649",
    "IsoTwoCharacterCode": "TC",
    "IsoThreeCharacterCode": "TCA",
    "IsoNumericCode": "796",
    "IsNational": false,
    "IsActive": true
  },
  {
    "Id": 228,
    "Name": "Tuvalu",
    "PhoneCode": "688",
    "IsoTwoCharacterCode": "TV",
    "IsoThreeCharacterCode": "TUV",
    "IsoNumericCode": "798",
    "IsNational": false,
    "IsActive": true
  },
  {
    "Id": 232,
    "Name": "Uganda",
    "PhoneCode": "256",
    "IsoTwoCharacterCode": "UG",
    "IsoThreeCharacterCode": "UGA",
    "IsoNumericCode": "800",
    "IsNational": false,
    "IsActive": true
  },
  {
    "Id": 231,
    "Name": "Ukraine",
    "PhoneCode": "380",
    "IsoTwoCharacterCode": "UA",
    "IsoThreeCharacterCode": "UKR",
    "IsoNumericCode": "804",
    "IsNational": false,
    "IsActive": true
  },
  {
    "Id": 8,
    "Name": "United Arab Emirates",
    "PhoneCode": "971",
    "IsoTwoCharacterCode": "AE",
    "IsoThreeCharacterCode": "ARE",
    "IsoNumericCode": "784",
    "IsNational": false,
    "IsActive": true
  },
  {
    "Id": 80,
    "Name": "United Kingdom",
    "PhoneCode": "44",
    "IsoTwoCharacterCode": "GB",
    "IsoThreeCharacterCode": "GBR",
    "IsoNumericCode": "826",
    "IsNational": false,
    "IsActive": true
  },
  {
    "Id": 233,
    "Name": "United States Minor Outlying Islands",
    "PhoneCode": "1",
    "IsoTwoCharacterCode": "UM",
    "IsoThreeCharacterCode": "UMI",
    "IsoNumericCode": "581",
    "IsNational": false,
    "IsActive": false
  },
  {
    "Id": 234,
    "Name": "Uruguay",
    "PhoneCode": "598",
    "IsoTwoCharacterCode": "UY",
    "IsoThreeCharacterCode": "URY",
    "IsoNumericCode": "858",
    "IsNational": false,
    "IsActive": true
  },
  {
    "Id": 240,
    "Name": "US Virgin Islands",
    "PhoneCode": "1340",
    "IsoTwoCharacterCode": "VI",
    "IsoThreeCharacterCode": "VIR",
    "IsoNumericCode": "850",
    "IsNational": false,
    "IsActive": true
  },
  {
    "Id": 1,
    "Name": "USA",
    "PhoneCode": "1",
    "IsoTwoCharacterCode": "US",
    "IsoThreeCharacterCode": "USA",
    "IsoNumericCode": "840",
    "IsNational": false,
    "IsActive": true
  },
  {
    "Id": 235,
    "Name": "Uzbekistan",
    "PhoneCode": "998",
    "IsoTwoCharacterCode": "UZ",
    "IsoThreeCharacterCode": "UZB",
    "IsoNumericCode": "860",
    "IsNational": false,
    "IsActive": true
  },
  {
    "Id": 242,
    "Name": "Vanuatu",
    "PhoneCode": "678",
    "IsoTwoCharacterCode": "VU",
    "IsoThreeCharacterCode": "VUT",
    "IsoNumericCode": "548",
    "IsNational": false,
    "IsActive": true
  },
  {
    "Id": 238,
    "Name": "Venezuela",
    "PhoneCode": "58",
    "IsoTwoCharacterCode": "VE",
    "IsoThreeCharacterCode": "VEN",
    "IsoNumericCode": "862",
    "IsNational": false,
    "IsActive": true
  },
  {
    "Id": 241,
    "Name": "Vietnam",
    "PhoneCode": "84",
    "IsoTwoCharacterCode": "VN",
    "IsoThreeCharacterCode": "VNM",
    "IsoNumericCode": "704",
    "IsNational": false,
    "IsActive": true
  },
  {
    "Id": 243,
    "Name": "Wallis and Futuna",
    "PhoneCode": "681",
    "IsoTwoCharacterCode": "WF",
    "IsoThreeCharacterCode": "WLF",
    "IsoNumericCode": "876",
    "IsNational": false,
    "IsActive": true
  },
  {
    "Id": 71,
    "Name": "Western Sahara",
    "PhoneCode": "212",
    "IsoTwoCharacterCode": "EH",
    "IsoThreeCharacterCode": "ESH",
    "IsoNumericCode": "732",
    "IsNational": false,
    "IsActive": false
  },
  {
    "Id": 245,
    "Name": "Yemen",
    "PhoneCode": "967",
    "IsoTwoCharacterCode": "YE",
    "IsoThreeCharacterCode": "YEM",
    "IsoNumericCode": "887",
    "IsNational": false,
    "IsActive": true
  },
  {
    "Id": 248,
    "Name": "Zambia",
    "PhoneCode": "260",
    "IsoTwoCharacterCode": "ZM",
    "IsoThreeCharacterCode": "ZMB",
    "IsoNumericCode": "894",
    "IsNational": false,
    "IsActive": true
  },
  {
    "Id": 249,
    "Name": "Zimbabwe",
    "PhoneCode": "263",
    "IsoTwoCharacterCode": "ZW",
    "IsoThreeCharacterCode": "ZWE",
    "IsoNumericCode": "716",
    "IsNational": false,
    "IsActive": true
  },
  {
    "Id": 258,
    "Name": "Ascension Island",
    "PhoneCode": "247",
    "IsoTwoCharacterCode": "AC",
    "IsoThreeCharacterCode": "",
    "IsoNumericCode": "654",
    "IsNational": false,
    "IsActive": false
  },
  {
    "Id": 259,
    "Name": "Netherlands Antilles",
    "PhoneCode": "31",
    "IsoTwoCharacterCode": "AN",
    "IsoThreeCharacterCode": "ANT",
    "IsoNumericCode": "528",
    "IsNational": false,
    "IsActive": true
  },
  {
    "Id": 305,
    "Name": "Vatican City",
    "PhoneCode": "39",
    "IsoTwoCharacterCode": "VA",
    "IsoThreeCharacterCode": "VAT",
    "IsoNumericCode": "336",
    "IsNational": false,
    "IsActive": true
  },
  {
    "Id": 214,
    "Name": "Swaziland",
    "PhoneCode": "268",
    "IsoTwoCharacterCode": "SZ",
    "IsoThreeCharacterCode": "SWZ",
    "IsoNumericCode": "748",
    "IsNational": false,
    "IsActive": true
  },
  {
    "Id": 296,
    "Name": "Kosovo",
    "PhoneCode": "383",
    "IsoTwoCharacterCode": "XK",
    "IsoThreeCharacterCode": "XXK",
    "IsoNumericCode": "926",
    "IsNational": false,
    "IsActive": true
  },
  {
    "Id": 50,
    "Name": "Ivory Coast",
    "PhoneCode": "225",
    "IsoTwoCharacterCode": "CI",
    "IsoThreeCharacterCode": "CIV",
    "IsoNumericCode": "384",
    "IsNational": false,
    "IsActive": true
  },
  {
    "Id": 60,
    "Name": "Cyprus South",
    "PhoneCode": "357",
    "IsoTwoCharacterCode": "CY",
    "IsoThreeCharacterCode": "CYS",
    "IsoNumericCode": "196",
    "IsNational": false,
    "IsActive": true
  },
  {
    "Id": 257,
    "Name": "Thuraya Satellite",
    "PhoneCode": "NULL",
    "IsoTwoCharacterCode": "ZY",
    "IsoThreeCharacterCode": "ZY",
    "IsoNumericCode": "NULL",
    "IsNational": false,
    "IsActive": true
  },
  {
    "Id": 256,
    "Name": "Midway Islands",
    "PhoneCode": "NULL",
    "IsoTwoCharacterCode": "MI",
    "IsoThreeCharacterCode": "MI",
    "IsoNumericCode": "NULL",
    "IsNational": false,
    "IsActive": true
  },
  {
    "Id": 254,
    "Name": "Diego Garcia",
    "PhoneCode": "NULL",
    "IsoTwoCharacterCode": "DG",
    "IsoThreeCharacterCode": "DG",
    "IsoNumericCode": "NULL",
    "IsNational": false,
    "IsActive": true
  },
  {
    "Id": 253,
    "Name": "Chatam Islands",
    "PhoneCode": "NULL",
    "IsoTwoCharacterCode": "CIT",
    "IsoThreeCharacterCode": "CIT",
    "IsoNumericCode": "NULL",
    "IsNational": false,
    "IsActive": true
  },
  {
    "Id": 252,
    "Name": "Canary Islands",
    "PhoneCode": "NULL",
    "IsoTwoCharacterCode": "CN",
    "IsoThreeCharacterCode": "CN",
    "IsoNumericCode": "NULL",
    "IsNational": false,
    "IsActive": true
  },
  {
    "Id": 251,
    "Name": "Balearic Islands",
    "PhoneCode": "NULL",
    "IsoTwoCharacterCode": "IB",
    "IsoThreeCharacterCode": "IB",
    "IsoNumericCode": "NULL",
    "IsNational": false,
    "IsActive": true
  },
  {
    "Id": 251,
    "Name": "Ascension Island",
    "PhoneCode": "NULL",
    "IsoTwoCharacterCode": "AC",
    "IsoThreeCharacterCode": "AC",
    "IsoNumericCode": "NULL",
    "IsNational": false,
    "IsActive": true
  }

]