{
	"info": {
		"_postman_id": "559d4ea6-a15a-422b-8283-842a6280c27f",
		"name": "Paypal",
		"schema": "https://schema.getpostman.com/json/collection/v2.1.0/collection.json"
	},
	"item": [
		{
			"name": "Get Token",
			"request": {
				"auth": {
					"type": "basic",
					"basic": [
						{
							"key": "password",
							"value": "EMrCRJwt99opICil80aNMEqu3CGtUS3YJBWNt60ObigyJ3cMshCy2LSirMqNMEot3XUglVMFb7sk99FR",
							"type": "string"
						},
						{
							"key": "username",
							"value": "AX3NrBtqSbaIOWkRu604bnVtPTbvmA39OaBbIc-38Poxu7cIxEYIgUR2Zr6K6BPibIu7MMc_O1bTyNRA",
							"type": "string"
						}
					]
				},
				"method": "POST",
				"header": [
					{
						"key": "Content-Type",
						"name": "Content-Type",
						"value": "application/x-www-form-urlencoded",
						"type": "text"
					}
				],
				"body": {
					"mode": "urlencoded",
					"urlencoded": [
						{
							"key": "grant_type",
							"value": "client_credentials",
							"type": "text"
						},
						{
							"key": "",
							"value": "",
							"type": "text",
							"disabled": true
						}
					]
				},
				"url": {
					"raw": "https://api.sandbox.paypal.com/v1/oauth2/token",
					"protocol": "https",
					"host": [
						"api",
						"sandbox",
						"paypal",
						"com"
					],
					"path": [
						"v1",
						"oauth2",
						"token"
					]
				}
			},
			"response": []
		},
		{
			"name": "CreateSalePayment",
			"request": {
				"auth": {
					"type": "bearer",
					"bearer": [
						{
							"key": "token",
							"value": "A21AAF6jkKvgaE-0nx4fl1_2Pom7p8YLOXjnN9k-rvI39bFEhI0qttGJ8P9SA42x7Y_nfYFmGlYGbQzSNgSh_FQ5t8EBFKHSw",
							"type": "string"
						}
					]
				},
				"method": "POST",
				"header": [
					{
						"key": "Content-Type",
						"name": "Content-Type",
						"value": "application/json",
						"type": "text"
					}
				],
				"body": {
					"mode": "raw",
					"raw": "{\r\n  \"intent\": \"sale\",\r\n  \"redirect_urls\": {\r\n    \"return_url\": \"https://example.com/your_redirect_url.html\",\r\n    \"cancel_url\": \"https://example.com/your_cancel_url.html\"\r\n  },\r\n  \"payer\": {\r\n    \"payment_method\": \"paypal\"\r\n  },\r\n  \"transactions\": [{\r\n    \"amount\": {\r\n      \"total\": \"10\",\r\n      \"currency\": \"USD\"\r\n    }\r\n  }]\r\n}"
				},
				"url": {
					"raw": "https://api.sandbox.paypal.com/v1/payments/payment",
					"protocol": "https",
					"host": [
						"api",
						"sandbox",
						"paypal",
						"com"
					],
					"path": [
						"v1",
						"payments",
						"payment"
					]
				}
			},
			"response": []
		},
		{
			"name": "ExecuteSalePayment",
			"request": {
				"auth": {
					"type": "bearer",
					"bearer": [
						{
							"key": "token",
							"value": "A21AAF6jkKvgaE-0nx4fl1_2Pom7p8YLOXjnN9k-rvI39bFEhI0qttGJ8P9SA42x7Y_nfYFmGlYGbQzSNgSh_FQ5t8EBFKHSw",
							"type": "string"
						}
					]
				},
				"method": "POST",
				"header": [
					{
						"key": "Content-Type",
						"name": "Content-Type",
						"value": "application/json",
						"type": "text"
					}
				],
				"body": {
					"mode": "raw",
					"raw": "{\r\n  \"payer_id\": \"CMM4443SQR8D2\"\r\n}"
				},
				"url": {
					"raw": "https://api.sandbox.paypal.com/v1/payments/payment/PAYID-LRXJUPI6MU77866AM2380409/execute",
					"protocol": "https",
					"host": [
						"api",
						"sandbox",
						"paypal",
						"com"
					],
					"path": [
						"v1",
						"payments",
						"payment",
						"PAYID-LRXJUPI6MU77866AM2380409",
						"execute"
					]
				}
			},
			"response": []
		}
	]
}